id,title,content,location,date,source,url,impact_score
news_9178507219857723079,JLL Tops India's Real Estate Capital Markets in 2025 - Devdiscourse,JLL Tops India's Real Estate Capital Markets in 2025  Devdiscourse,India,2026-03-19T08:44:18,Google News,https://news.google.com/rss/articles/CBMiqAFBVV95cUxPUTZLWjBWQlhyODRPeGhPdjRKVE8wdXdfR2Uxb1p1ZkdaTzNtNE5mOFA1ZmFTUU5YdEtxUzc4M1VMTDZGdmZ0TnRKVWluMlRTRUtkRzRTN2p5UDdrRV9GTGMxTGcyZkxHMkJPNjVRT0dKR21sdWw2Z1hXZ3JRdC1KYUd6VmI4cVh0dFR5cWVaTXpQYl9HZUJKUVIwQ19rbWRKTDVZbzI1anTSAa4BQVVfeXFMTlJCbmdmckFqdVRBUjVfUjNFYlBYYlBMN2xIaHF0R2pYUVJTU3RqTHhFaXdKZ2xmQVZrVTJEcHdJb2lPaThPVjAwMmFZYTlKdE52UUtEMHFMOHpLS3RVYm9JYXNockdQZUpCb0JtbjM2X3liMXJSLVRKX3RqWVBCbW5vMEhiM2ZvZ05ldzFheXJLdDJjTlc2TzZjXzlEMFhrOVczQ3JWXzB6amNVc3N3?oc=5,0.5
news_6301636121492884781,JLL Ranks No. 1 in India for Real Estate Investment Advisory: MSCI Real Capital Analytics for 2025 - TheWire.in,JLL Ranks No. 1 in India for Real Estate Investment Advisory: MSCI Real Capital Analytics for 2025  TheWire.in,India,2026-03-19T08:42:22,Google News,https://news.google.com/rss/articles/CBMi0AFBVV95cUxNZGJrNE52dmJHZjkwSjRCaWRialJ0T2o3amVxMEtESkowR2t4a1NwT3JJdFJRODBJNVNLeGhlRHQ2UUcxVVBiVFVnMG1xVHFobHJzaE1odkV1bFFqWmZ6RjZpaW96SEt1UzNQSy1HWWxHT3h4bUU2S3ZIUlNsV1lEQXFCTk01TC15TUJUTmkwbUVLYUZpQ2x3Y1R2NTVSM2h3M2tDMUpyczBaRzFhNWNHOEphcUdUVFZCOEpEUFJzTWhCbS1xaHB3cW5LZWlVWVpF0gHWAUFVX3lxTE14d2dzcHNHNXNFTS12b2x3RW0wVFNESlZLRGR3RkF0MThKVk5JaGhZMjFkSU5sMmtIUFFEMEdiWFlFSG4xRXdVV2NXNmRXd3NYNTBCdFAyWmpGZTYzb01lbmN1SzR1a1htVXZYUERpSEJlN0cwalFGR3U3QUdXd1lPdUJZRS1PSUVKTzd3RGpEVmt5ejhPdjM4M1JXam5OcnZ2eUE3NWtRd0xOQlpCbS1tM2pRWnZSc0Q5MUZ2NC16bHVkR0xmVm1taHk1d2o5X01yVWpIZ0E?oc=5,0.5
news_8526265977088371308,Brickhill Group Eyes Key Partnerships With Real Estate Investors Across India - Tribune India,Brickhill Group Eyes Key Partnerships With Real Estate Investors Across India  Tribune India,India,2026-03-19T08:15:24,Google News,https://news.google.com/rss/articles/CBMivgFBVV95cUxPcWFsUHVjUFN4cTBtSGtwVkZRcFgwdlE3Nnhlb1Q2RmhRUk1EZmc3YXB4SE10UlAwSW8yT0J4ejdzeGE2NHhDcmxFUENSbGxrTHZuZXlaNW1hXzQxVTNHakhKNVhNNnhSdWRVdDVXTjc0Vm12cGJodkEybml0dkN2bXdZb2pQbnlzSGNSbDJBZ1pxX0JQdmhOa21HM0lQcXRWUGlBYm93MG1FdUp2cFU1Zml1SVNrUXhkNkZveld30gHCAUFVX3lxTE1uZXhQNGN0eW5ueldtUkpRLTN6cHBUZDU1RTJ6aGhMR180Y0ptOUhEa0tpZERONjBCYzB5M3gtWlVTaTBTODRYdTVVbTk0ak4wU0VYZEljV1lIR3N4Q1BqR0pVQk9yTFdTY0RybTAycVlOWnFIaDRCY2dQNzZ6WVdDOU9OZ2lkdlNkYUdpTzNFYmgyZUNPT2JRd0U1SUViX0p1MW1KSGV1QlRlZVJHb29CS2VnRndLWEYxWkRYekFMSTNB?oc=5,0.5
news_9134196842990646353,Asia Pacific: The New Global Core Of Office Real Estate - Cushman & Wakefield,Asia Pacific: The New Global Core Of Office Real Estate  Cushman & Wakefield,India,2026-03-19T05:48:21,Google News,https://news.google.com/rss/articles/CBMilwFBVV95cUxPS2lHT3lXMVhsMUc2V0d1VmR5QmxrSjRybC1XT3Z6QUNINjhqM3g4bUhodW5MWWcxQXlCdWlieDh6Mk9NeU1jcFdUbUlCeVRPR2RncWgybDJzWmhkS09MS0ZjNkYtcWVvQUZ2RVlSc1Nxc2puRWMtTTJ4Z09yeS1rcGNjWF93MWFBa0FLZHNVdHhGa1cyS1Vj?oc=5,0.5
news_-2689703954413054134,Real Estate sector beginning to feel the impact of Gulf war - Fortune India,Real Estate sector beginning to feel the impact of Gulf war  Fortune India,India,2026-03-19T03:53:06,Google News,https://news.google.com/rss/articles/CBMipgFBVV95cUxPNEpZMXBVWjhmaWF1enZhYzJsMDV0NjlkSW96d2tTRFVIZl9xWl9XZm9xdHVJR2ZyXzJ1QVZEeGJncmtMZnA0dHJhWFpnbkNQVmJfUVZzWWdDOEpyRmFDOUJkdUtLR01QNDRuWlR3T3F1bjdZd19rT2hCVGVDc1lNajlzcDY4bl94WFNvdEh0dkUxeE50UTAzUHQ4X3RKWkhod3FHVVdn0gGzAUFVX3lxTE9nUG10YmxyaU5MekdQdk5GSDVKZVpiY0s0ZF9uQlhzODhVLVdVQlBiang2R2xKQUN3UHlENU5YQUhXMDJoR3RmWWpHZHV5NjNzck9hV216a1FXMDJVcWxlSUx1SlVMdzQyYjVfRS0yQWNmR1pvWWwtcEFrWXR0VUhZeU10TTZ4akw5Z3dKMnhRU0U2bHpKYndrdzlTeGFGdlJ5eGpUcGNuSFJ5MXJEUHdIUG9N?oc=5,0.5
news_-4307576486412706123,From Sikkim to Manipur: India’s most restricted real estate markets where land ownership for ‘non-residents’ is strictly regulated - The Times of India,From Sikkim to Manipur: India’s most restricted real estate markets where land ownership for ‘non-residents’ is strictly regulated  The Times of India,India,2026-03-19T02:30:00,Google News,https://news.google.com/rss/articles/CBMirAJBVV95cUxQSkpTNmVReE9rZmZoMXBsRjc2d19SeWFIWmxNX2h3d0R1T0dUVzVrZ180cDJrY2gzbnlRTldIZ3pfek5OeE9LWWdDcnNzRHFWcEV1NHNiU1hfbUZoaG40SXVCcEFRbGpaaHY1ZFRqQlZMVHJKZWdTUjBNTGVka0E0UDZqbTg4cGFGeTdwcnhVLXZ5bzlqbTFvd0o0ZWxvZVVQQVBvOEVxSGxEb3Q4bHRhTjlxS3RCZE00TVlLTko2UGlBTUF5TG11UTkzMnJxYWdKSzI1NF9lR3BUejlCWmZPX1dQdldlMjIxYXFKUDRhZHMxbFVvSVp0SHJxSjIzLXBNOUk1cFBUamx0eFNFWkkwSldtb2hZem10MW90ZjZiWjRwb0hHU28tcWlRZlTSAbQCQVVfeXFMT0w5dW1ITWdEZURhOWdLYk5ZeHQ5ZXBhWU94Y1pDMkE1LUh4WTdYLXR5eVJ2blpDNmNUT1BoNFRyb1NRbVhqQjM5NFNZWlpGdkVaN21LUVdGV1EzaUJBR3g3ZjdUQmdPWUNnT19ielNrWUUtYmZqS2hlMTVpUTV6Z2tnMklHbF9OaDZXM0hLMGhzWkt1M040WmRubkZVZm8tVmthUmYyTXNLcjRMODNvajU5dXI1aGt3dHJ1bTUycVZQMk9RUnFleHAwaWR5eWxFbFR5ZXY4RnY0MUtKLTdEMF8weldkYVFBUmVURXRSTm15TDd6ZklJcWhSeVJ4X0ZsM0d3UUJ5d2lINmdubzMzT2JHNkd6SmozZmZWNEVMQTdlQklYMlhmbV9abGpGVjhvQk1PZmk?oc=5,0.5
news_4296096385171890696,Liquidity crunch grips Rajkot real estate - The Times of India,Liquidity crunch grips Rajkot real estate  The Times of India,India,2026-03-18T18:51:00,Google News,https://news.google.com/rss/articles/CBMitgFBVV95cUxNeEJFRXVGT0JGTUlHRFB3MGtIZkVpZnBNZFRsUjI0c044QzhyalVXYlAwOWZnX19HVnpleDM1emluSGlRbFFOemtSb0R1d252Wm5zZ2E5cU5uMjJtQ0djLS1NT0xTWHBmQU5jNlZSUjB6dFEySjBUS3JWRWU2aldBX2NpOHhKNk4zREplY19DUjZzTmR5RmlzNlBFTWoxcjNBWUQtNGpGZzdPTFRMbmVNTGtuMWp2d9IBuwFBVV95cUxNdWcwVXNxZDRSRjVRZlVINlBsWHlONEVMR01peldNbk83WkpLNk1sNW4zNzBBQUozZkQ5cVY2YnBWZ29saWh4N1FXWUhaT3dwTVd2SlZ6WDNOZmY2SGRjWE1WSFpDZzhEY0lwVXkyM0RKRFA0NHd2bXJlbXRaQkRXbGNJdU1CdmVkS0R5NUdCajAtcUxIUXY5bl8weGVUVVZwbms0cnFVbE5xenBiUzU3dGtXWkVMR0h1WF9j?oc=5,0.5
news_-1912103976873336353,From SRK's Jannat to Ambani's $163 million villa: Indian celebrity homes in Dubai in focus amid West Asia war - Business Today,From SRK's Jannat to Ambani's $163 million villa: Indian celebrity homes in Dubai in focus amid West Asia war  Business Today,India,2026-03-18T16:16:40,Google News,https://news.google.com/rss/articles/CBMiggJBVV95cUxPeXFaazducGt6c1R5WWpYSmlhOVg3dV9zVVNfbjZ3MGhNYVZtb3pjdXFobUg4Q0xiQUlySmk4a2RDOUpYVVBNUGdQRlF5YkotMnFjSkZPTnJiajJMUmZxM0t4ejcwZVZVRTY2QnVwa1FoY3MzaFF5NkJSd0g3WXNpa19mUjdYT19zYy1JdEhQVWp1cS04SjZyQlhXUHRScUQzQktITDlYU0ZCdWlSUC1WWEt1SkNlTjNCVjAyWG1ielFDUWJLcUUwS3N3c1B2UmxRby1sam52T2dhNXRpOF9qMU5MUGY5Q2pwTzg4UDFDZkE4UmdGODIwbUJ5cXkxX2g3TUHSAYcCQVVfeXFMTXktcUM4dGVSN2VIQkh1WmlnYUtadzFiM3J3SUlnRkd6RDdiWGpOdm0tX2RpRVpTdDJuNnRsdWtMa291ZWZYWU1XRzJ2ZlhacGM0bG96c2FuTXQzUGlIU09XamtwTVdXS04wak9lWjZvVy1qM0Z3MlNaWG4yOWNrUGRWNmtpRHluN2MxNUk5U253YlVpenpXcjZBeG9jZl9ZbzR4bzdudlVRSjVGTEVJVWd2QTVVd0QtRkFOMmd3Wks2V2FMM3dwRGVMVEl0ZE9sZ1JrYVczcDNmWnBFUVlmYWxEYTc5VEtOeGpGekdrNzc3MEg1T1FjTGRfX2x4QUNFaXJDMndNUDg?oc=5,0.5
news_4677578489937969792,Why integrated developments are the future of urban India - ET Edge Insights - ET Edge Insights,Why integrated developments are the future of urban India - ET Edge Insights  ET Edge Insights,India,2026-03-18T16:13:40,Google News,https://news.google.com/rss/articles/CBMiqwFBVV95cUxQRk1BU3VVUlJSZExHdTlWVHlxS2w0Szhta1A3SEpWXy1rT0N4UVdnWXU1a25tamNpOExuMVd2dGpsNXl1bVJjWnY4RTFrWGI0SEVtbWYtNS04RzVoRXN1a05OM2NrTzBIaGY3cEVGWDl2TTJfQmV1T1hydUtUbjJBRGlYbEUtai1oTTQzbnh0Uk9jTjVfVmZGNEdaanpOWVRnNWFrWUNfUEd6aFHSAbABQVVfeXFMTmF5YnRWNDFfZVFMdkF2bW5tTmJZSk1ldks4aWZTbE45ejQ5elVQQ05nUGlXZEJqSnJqTktnVHdObkV6Z2M5OTNlZFJzTkFqSTdReHpTM1ZteEhIenNVX1JQeW81U0FvbUlURkJ3MlJMMTJGZ1B1em5ROVlSNmNNY3ZSUTRlajdJZy02bUlTWjJka1RETmJGdG8yZVgxc3Zac2FMTGhtZkpSellEcElEUUY?oc=5,0.55
news_-3922746204247132626,"Middle East on boil, but Dubai real estate defies the heat with missiles, luxury cars and steady prices - The Times of India","Middle East on boil, but Dubai real estate defies the heat with missiles, luxury cars and steady prices  The Times of India",India,2026-03-18T10:38:00,Google News,https://news.google.com/rss/articles/CBMijAJBVV95cUxQbXJXWTVMVWJRZUhPMVo5bzJ3WlBBMGRuTlZqUlNBb1hqMk43SFlrRmJmWS10UXN2aFVsbXA0YjJlSHlNNnA0eHp0a1BSUkFNWjdPVVBpN3RBTnJOMjJSSk9ZV19aZXNJV205Y3M3c1ZBUG9pV0JPWl9sODNSWjlLWXlrUTZ6cXdwbURvb3A2NzBGX3pTVnNFSkZoYzZ1RTNTUTQzUE1RNk9ub3JhUG5QcURxNGpQdThfOWtEMkFqR09OZUVNUkdhU2k1eWhXcW4taHRlNzVhVzhrYmZ5bW5rYWZOalhGVFBrQlFVZHJ2NTlZc0dSLTRuUjUxQ0FEaE4yVlhfc2xyNlBtMG5Y0gGSAkFVX3lxTE5Jd0ZfSllOLVpvZUttN3hPSS1uYkNYT19mWFF1QUkzVWF2d2RiWEo3Y0tlckZhdjcwT2s4cDhZdEN6ZlBKVEJCYk9MdEJCRXJmaUxDMnI3MVdnOTluTUtmeGxlWlRWOWRwRXVxRXV4cThzMlg1anZsU0c2d3VMdHJnN3BMajJBRm9jUlVKZE42bU9HQVZNcjRKSnlPZHU1YkUxNG9aOGpXMFJCa0tLTUE2ejE1M2FGLUlqcnhwc0s5QlhJZWhjYWtfQmY2SzdYS3FucUdDczdmVk5EcGc4TzBxMzMzVmVwNlpubU4zMzRWSWFWREJyNEhVUGhQbVZ5Q0tXVnVXVUpkTTBRcDhTTTdoR0E?oc=5,0.5
news_-3583804930321420898,What Is VerbaFlo Revolutionizing in Real Estate? - Analytics India Magazine,What Is VerbaFlo Revolutionizing in Real Estate?  Analytics India Magazine,India,2026-03-18T10:28:57,Google News,https://news.google.com/rss/articles/CBMimAFBVV95cUxQZjdBeDFTc0F5blZDUWVPYjFxQ1lxNzIxaXpad1ByMEtnblFNckhibk1VSEJpV0FTb0FfN2FqV0cwcFhzVGl0Q2JRelJhWjFmdmkyZEhsQ3dTRVJnd0k1Wm1PeUFnaG5JNktQR1pENFRTVlEtZERhQ1hseVRNUE84RDI2Y1BvWG5oclhYWXRSWlRIMzBNallvNQ?oc=5,0.5
news_1250218506088261552,India office market set to cross 1 billion sq ft in 2026; tech parks to drive future supply: CBRE - Hindustan Times,India office market set to cross 1 billion sq ft in 2026; tech parks to drive future supply: CBRE  Hindustan Times,India,2026-03-18T06:34:21,Google News,https://news.google.com/rss/articles/CBMi8AFBVV95cUxNOUlOb3dULW5oU2RKcHNHaTRpVmh2WkYtbUMyYURuTkdUUzgtRkJzTm9Fd01WaV82ODh6SnFITHo1TzVUbnpjaXdFUm1iTjZmUEhTemFPZHBrUzZzby1lMmNITnZkdEpCbnhRRFlIRjRsV3hvT0hOVmkwOFNPYkZCNlJnQnQ2ZFF5T25pNWUwY0hvUGdYZ2MtNlNDYkxfYzRyanRIVG5Oa0FrLVdDdkFvdFRXRmVJNmxyQTN2MG13TzFOSG1BOEtMWGN2MktfZElaX3luYWc2VmxPTVdEYVJQNE9oLWFrYzlHRUptTEkwem8?oc=5,0.6
news_-9167530866761094103,One of India’s Largest Real Estate Developers Announces Acquisition of ~20-Acre Land Parcel in East Bengaluru - Dalal Street Investment Journal,One of India’s Largest Real Estate Developers Announces Acquisition of ~20-Acre Land Parcel in East Bengaluru  Dalal Street Investment Journal,India,2026-03-18T06:24:53,Google News,https://news.google.com/rss/articles/CBMi7AFBVV95cUxPVFdtUm51MFhrd3ZwUmN3UHJJTmJLcGVYRndnNnBRWEJRVThGaVZIZ1hEU2FYaXR6WDhacEY3M24wZ2NSeDBhWHpxV0ZaOHN1RUZfd080MXh6SmpqeGdOdnFkVVpxYmp6dFh1eWt4WGZJZFM1Q1Y3Ym5JTHd1YlcxLUpnYnIwT21oZG9qSGlBdEstb1c5SVVwTDNYMld5dlB4Q2hGeWZNVHZadVRsdXB4OWlJYXlzeFE5VzVFUWxMOHlJS2lzaDlMRnprMk1LaTlOSkN1cXN3aW9xMnJGcUFPcjFVWGZ1TmhmUWlzTA?oc=5,0.5
news_7787895193806052432,"Adani gets NCLT nod to acquire JAL, gains scale in north India real estate - Mint","Adani gets NCLT nod to acquire JAL, gains scale in north India real estate  Mint",India,2026-03-18T00:30:50,Google News,https://news.google.com/rss/articles/CBMi5AFBVV95cUxOVVFpT1FMVmJwTHI3cGxFNFlxdkI3a3dsZi05VGZtUEFNaEFybEhoQVQxTi1tRF9SVF94dFhxb3NhMjd5c2hVd3M4WVoyRzBtUm9CWktsZW5EZ3JQRkRXVDBfT2VuWkVmM2hFSVVvb2pTUkY5eG5fbzV1R1hUMW5SYjR6QkhnQUxSa24zcllXNTNldmQzOWVVSXNFYnp0ekFBOWpKMTBoSDR6am42QnowLXZDNlQ1RV9Oa0pWSTA1elU4U0F2OExkM3RtT3JRMHVlalotODVzQ28xb01uempuZllPNmXSAeoBQVVfeXFMUGVQTFljMjJVc0RxLWdBZ2F3WkJfcDZ1STNRc1RyaW5FaG1QWEpwSlJlYXhMNC1iYXdYY25QOEs4X2xNbTlxcW9icG0tWlBWTHhpV0ptUWxKc3FqWk53ZmFhQWNPUzBzbzNkSUdja2pyS0pDeFlPM1JJTHhtaUhhZGd4WVp1bzg4MVpvWEdEQXFyU2p1WGFfR3ZIamV4b2VrV2VqblI5eTZrMzFwX0RpNmE0eDhXOUJ3VmhlMk5XY2x4a0t5Y1lMaXJrbm50RnhMU1BfamhxOUNfX3pJSS0zQUhxNnAzNVE4aDFB?oc=5,0.5
news_6158711809783035066,Why smart investors are adding land to their portfolios: The new play in India’s wealth strategy - ET Edge - ET Edge Insights,Why smart investors are adding land to their portfolios: The new play in India’s wealth strategy - ET Edge  ET Edge Insights,India,2026-03-17T15:42:02,Google News,https://news.google.com/rss/articles/CBMi3AFBVV95cUxNeEJPZWlyTnN2b2RKcWhWN2dGRXF3dGp5X0VEellldzF6ZldFRDZxdXlCQ1pXN1B3bmVLdnVzemFEeGlTWEU3bFlVMmxiNGp5cVFKQ3NvakxTTDBUbThqR1BaMkJEUUEzdEpQN3lSeVhmTE5GenA4eFNWUjRhUWNvRTEyUlQ3elZSc2sxQnNuajRXdXpJNm1jbUs1Qjc4X1ZxYkxQejd0SG15SGFRQURwcWtFSlJFWVFiQlZJU2hrQVNXUHppbVZjaVlEM0tIM1dmX3U0dEdBQlpneUhD0gHiAUFVX3lxTE1odFkzOGNoUE9QRGljUWNPY2RacHNsTjBYaHY0ZjFmMmhzYndIcTdQc0pqZl9iTl9oZzhqaEptNUdrU0Z4eFliYVRJRmo3UTdpUE9xNGxNTE5JbjQ0SnNvRVdvRzNPY1dLWUhxMHNSZGl4N3RFLW9nUmtDU2RqaWQwNnB1VHJwaGtCdzZXaTVodWl6WXJWbzFtb0J3QXBOWEJ5MmNROFJQb3FJMlk2eHRqNW9KQjkxbzRFOXo2SFV5a1RYTjhCTjJWNnN5YWVJaEQxNGhpSnZxd2NXSUhROXBwb1E?oc=5,0.5
news_-5830788495551819930,Are tier-2 cities leading India's real estate boom? Here's all you need to know - India TV News,Are tier-2 cities leading India's real estate boom? Here's all you need to know  India TV News,India,2026-03-17T10:44:46,Google News,https://news.google.com/rss/articles/CBMi1gFBVV95cUxNSHdPVWFOODVqVHJ3N1ZITVdxRm4xUmpKTGl0YnllVk5oYlo5ZGlUaVJBZnFGRlhMM09jQ0JONTZjMXRzSTZUVk5VMkJFRWg2amc5UkdrSlJhajRCZl9LWFM2Tl9qNUpGWDZHMUJSZG5YaHBsTFJHNTRsbUxLcUFJUHpDS0RBMGd1RU9FbE5aTjRUY2ltNktGV3EzRkZkX3NFbWZWbTdvVnpTSjVmelNKSEMtaE9GeXJRc2VtMEZKaGltQ0xES2NTSUhLaW1leng2MGNzd3Rn0gHbAUFVX3lxTFAtMWdTYmxGS0R1SnBMV1lncGlXRURCWmpxUTd5NmVsbkRFdmY3emdFVlU5aDRvbWlNNzhMa2JGa3NFUnBjb0IxRlUya2prV1pfRlE0Y3JzSUh3b2VRRlBJRFJpdmJVcG1CTjBHZG1jRkRoWEJoUUhGdHJXQ2tqSGNwRTZRMXB0U2pNRmFBMDBiTnl2NmNPS25MVFVBWm5nSFQ3SFY2MjdDNTJUQVg3YTdMblZ0d2JBRUJmZ0xmc1A0bmxOcG9CdzhYZ0lhMVZDbkY3SzB3WDNrbXN6RQ?oc=5,0.5
news_7814318693549415702,India Office Market Demand Forecast 2026 - Colliers,India Office Market Demand Forecast 2026  Colliers,India,2026-03-17T10:00:00,Google News,https://news.google.com/rss/articles/CBMigAFBVV95cUxPcnlWcDdQSkNXOHdTczZtbG45X0s2X1F2Q054cmhWR3M4T014NGZEMUFoaWJGc08ta0lSRGxvOVJsc2pmVHI1SGF4MUwzUUprVEE5ZTFRSEhZMEQxWnAtOW9aOWVMRWpOUjlUUUFKX2h1MmtkazJLQmxnZU5DeFI5Tw?oc=5,0.5
news_8142848925767396400,"Is Structural Premiumization Reshaping India's Real Estate Market to USD 1,264 Billion by 2034? Report - openPR.com","Is Structural Premiumization Reshaping India's Real Estate Market to USD 1,264 Billion by 2034? Report  openPR.com",India,2026-03-17T09:57:35,Google News,https://news.google.com/rss/articles/CBMimgFBVV95cUxPZ3BqUmNEeU5CcF91di1zUE1kZkFVY2Z3UllHelltLWtyYVdmNlpFMjVHYlhrWTZGRV9uQ2VFMy11TDZ4MGtaamg4MzNmWXpWRXhJcThwTmdoMndrWGp6b0FXalkxQmM3ai1IQlFrQlZacVRLNWMybE94cW9xbkhyb21YV3RYaldFS0NuMjVPMk5iTDg3alV5dFZ3?oc=5,0.6
news_1085396860153658276,India Among Fastest Growing Real Estate Investment Markets In APAC - Construction World,India Among Fastest Growing Real Estate Investment Markets In APAC  Construction World,India,2026-03-17T09:00:46,Google News,https://news.google.com/rss/articles/CBMi4AFBVV95cUxONGZVVENDMGRhZTJGZVQxdDBKRnBmdk5ZNnV3akNLc0hkUlRXQjBRdmpaT3VnUXljT3RTcW42eF9OQi1aY1JRZXg5NEI3Tjk3OGJzU2EzVnNkcVZZdndvXzFlMFJkZ1Z1eUFXSy1SZlROTDRBQUdFSGJwU0M4REpjSVU1cXM5RC1PeXY4VUNWQTVoLVhNd3dHQVJNQ3FWUTltNzhQQi1reVFzeDZ6SHlsZFU2SVpwYUxNWWhNeHNVa3g2NUFITXJwNDNuMUpOc09jeGkyWmgwdnQ4Sl9tcDluag?oc=5,0.5
news_8726000777430810407,"2026 India Office: Unlocking agility, vitality & flight-to-quality - Colliers","2026 India Office: Unlocking agility, vitality & flight-to-quality  Colliers",India,2026-03-17T09:00:00,Google News,https://news.google.com/rss/articles/CBMiqgFBVV95cUxPbUxIVk1ubjJUbUlzMHliN0VCVC1wMFJTcTdXQlpXN2lOMGRyRWNFZmd3NWpMRWFXVmlwMDNsREtQbXZ5YURmZTcydzkydHV2TXo3NWNXRldiOUlWTGZRWFRuR2N6N29Na3hWaV9hem41T3VnNnJPVXRFdW82blIxemlWSXpJd1RxLXVaajlhaC0yUjNDQ01VVFJUQVF4TUFBNy1TMy1TanBvdw?oc=5,0.5
news_5633149734876132850,Dubai property market: Why Citi Research expects 20% price drop - The Financial Express,Dubai property market: Why Citi Research expects 20% price drop  The Financial Express,India,2026-03-17T08:39:28,Google News,https://news.google.com/rss/articles/CBMiugFBVV95cUxOQ1hLTXBIRUNyUGY3b2d4QzFFRGVCTWhkRUtuSjJPVGkxa0FMM2pDYWlHX0R1OVloVjZkZVRZVHV1VkRxdnplLXdzeXhuQmlTaUIyRS1BZnVXS2hULVYtd0FnUW5VWWU3WENFUWl3a19vUFZtUTAtSXlTMlo5a09zRjgyR0pETWl2TUxNdm5sRTZNeGZ4QjM1QTJ2UEZhOGlRQ25IYWJrdDNLcUIyVlZHM0VPVzJINUpvcVHSAcABQVVfeXFMUE81TDFHMG12T29UckxWdXN1SGozQjZodVB1TDhRckZuaHppQ3BLX2sydkhoRnZRODNXNkZReTRxN3Q1SmxhWFZ0YkpHZTkxT2NrTmxFMmtsc0V1M2ZIWnFBM1ZMVFV5Rk5GMDBFNmFfdFB5T0l1SE52RXBhQ2lSekhHOHoxOVExbkhYV2c3RGp5cTBkSEppTWxGZ0hINGZNd1pTTXFkc24xOXpZQ3ptWTVqRGtTYWIxMFdQajdvZThZ?oc=5,0.5
news_3531995103219151808,Plotted Developments: Driving the Next Phase of Real Estate Growth in India - Realty Today,Plotted Developments: Driving the Next Phase of Real Estate Growth in India  Realty Today,India,2026-03-16T18:16:39,Google News,https://news.google.com/rss/articles/CBMitwFBVV95cUxPc0ZXa1BBN0N6V2ZBTjNYVVc3SXBDeHg5VmtCTXNTZzBsTjNqeU93UFZXUDkyTnBRSW1lQ2lFUWJtbHVZb0Z5X2ZURDNveEVENDJBTkxRaDl0bzlnQUJUdkplaHV6aEpvbnZNeENNVVQ4U1prVDJaMnVnT1U2eW1idV9pQmZsM21Ja1NZMzRaRGhHckhVbDVadlN4Sm9WcXB0RUl3QlAwakZvQ3JCaGN0RFFXVUhsREk?oc=5,0.6000000000000001
news_-7956696644508282099,India’s Real Estate Market Gains Strength As Investments Hit Record Levels - Outlook Money,India’s Real Estate Market Gains Strength As Investments Hit Record Levels  Outlook Money,India,2026-03-16T12:53:51,Google News,https://news.google.com/rss/articles/CBMirgFBVV95cUxNbHY1OEZ4T25XNVZ0NVpXSm9pUXQ3c2YyZ3FxNHAtb21veWgtQnY2MEpwcTA4eHpRdnZZWGswODA5U00wblBCckZwM1NOX2pSWnpaNF9ndWt3bFJuZ0p3OFdNYTVwRVNQRFh5UEUxSmttbzE4UU9faFJBY21xNjRMdkdRYUNaM04zalUzWlYtc2JZMXZKUlJhLUc5c1JER1AzQzV6ZTd5cmNVcDFKZGfSAbsBQVVfeXFMTzAxQXlMdXpOUlNFTzFNOVd3a2JsdjVxMGx2MEdZd3lkZDBaY3FZMWZDaE4wZFBiQm9vR1p5NmE4UHNvT0EyZS04Z3ZENzFuTUZKMEo1S0JlUXhram5BdjZaMEFiV0k0TG5IMUgtckwwU09CN3JXeVhkYnBVRUZKRGdfLTdmTmRIdlJUWmtib1BuTDMxU3VUQkRFM05PMFJuNzQ3Ui1ndGlLSHdPNzE4Z3B1OUpGYm9DN29vUQ?oc=5,0.5
news_6289102339956368823,Bengaluru Real Estate: Housing Prices Soar 13% In 2025 On Strong End-User Demand - News18,Bengaluru Real Estate: Housing Prices Soar 13% In 2025 On Strong End-User Demand  News18,India,2026-03-16T11:36:10,Google News,https://news.google.com/rss/articles/CBMi1wFBVV95cUxPWDgxOEpyMld5TXMzOHRMdW94STRsdkloVzhxSm9CeXpEclZEWVlUcFNoOHBZbDhXMWlYR0M0UUk2RWlkRjktZnp5UE90UjVfQjhPcUN3a0FsYzRjU0t6WDNYZnF2dDlzdFdXQ2E2WnI5SGVxVUFwLVJNZWk4S3NrekdpbTVMaUJSZEg3VnlOVTRRQkRfcHJ2MEJrQXY0QVVXUkphQVE0NGkzUUJ2M3ZwS3YtYjJSaGJZWVpQcGU3VFlZMEdyd19OVjZTdGdFY1ZabW1ZTG9Ja9IB3AFBVV95cUxQNllnSkpHblpkV1QyRUtzQ0Y1OXE5NDE3czJUQldMM3g2NU05ZkhFZ2xFWHVqSTUwX2d0bURRbVp5SlBTdVNhMEVlZTVrRE41ajB1TEJta0UydFZjQXUzbnFCX0d1ZFhPMDdFbV9ZWlVuV2JOVE9LQm03T1VfNElDOEdpb194NW9xM2hyRG1tajNieDJVWjdKVWM4YTk2cnFpdmg3WG1CRWplRkVWUG16bWo3VktnUEtZWTdZb29xSWJNT1ZqQUJJTFJFbFBzUmdMYmdDQ3UzV0dHQThi?oc=5,0.5
news_-7789720022741779833,Knowledge-driven PropTech Pulse platform aims to improve transparency in India’s real estate market - Prop News Time,Knowledge-driven PropTech Pulse platform aims to improve transparency in India’s real estate market  Prop News Time,India,2026-03-16T07:02:16,Google News,https://news.google.com/rss/articles/CBMi6wFBVV95cUxPTEVYQmljM2ozV1R4V3o4QkNnWXRQVk1uYTM2YnB6V3RDazVZMzdpVGZqMXRjMGRBNmVxUFBMLXJEMnJxWGZ1VUx6RzdKY2t6MzRXdVR2bHg3RXNLRHB5SnRpcjB5YVNQdS1BT01tR2J5TEp5NE53ZUpXU0ZoWm1CNXJMTHZ6QkxTcHp3SmF3VTZPcjR6TGNwZE9oZldNRTY5WFRxeG5fYXdPNFRjQ2R0SEtOTXgxSzdyS1FBT2xJUks3NGlaUEROSTRvLUpMZnpuYXR1QkNsUGU4WHdxTTlIdnNfX1NmMWNISmMw?oc=5,0.5
news_-3881275938310498682,"Luxury high-rises drive Delhi property values up 27%, rentals up 7-9% - Business Standard","Luxury high-rises drive Delhi property values up 27%, rentals up 7-9%  Business Standard",Delhi,2026-03-16T06:02:32,Google News,https://news.google.com/rss/articles/CBMi3gFBVV95cUxOOVlkazdZQU1ldlhnRmxOZlNRMk1ZdllKTEtXOHhIWUp2RG9QQWRmOHc0Z0dXaXV2OFlCYVhDN1RsZmpQUlJ6bHFteG5WRVhCSnNJTGNrc2d2TXh2bHJrRV9ZSXphbHRHc05oVkNKQzhYRFFrd2FFSUoxUDYxM1VQR2dUVnhZRjZKTFczWXY3WTIxQzBjQVhGVkVXMGRhWE9TVFN1a09fQ0tmN20yaXJJSUxDdnJLV0o0SlU4Yl9jak82Z09xSHNUZFRsbUpzMU9jVmR3LUVLYUtTZ0N5UFHSAeMBQVVfeXFMUGNkYUxyeUxkWkF2a0JOUmE3RVFTZ0sxSmREbTVDWS1SMzlueWxoRDBsN2dLZmFabDJPWHZqX2w3Q29XR3lsOVc0YnlfMkNwaU1ZZkVSbTByRzhObVNRb1gtOV90NXpBc0NfTGtQV1pjYVBDckVBTC12Z0dHMnhXNWJuaDFSNmFVejNFYTV1SkFZbllmazB5N19RdTY3NHpTbktyQVFESnZfWTltVE4takgxUk96aWhrbDBqUzNtd0NyVENnZ1N2YmdQSW5aQUtDbDZDZk80U3hxMjhTRDdXRU5xWk0?oc=5,0.5
news_-1931031503705463891,India among fastest-growing real estate investment markets in APAC - Construction World,India among fastest-growing real estate investment markets in APAC  Construction World,India,2026-03-16T05:49:38,Google News,https://news.google.com/rss/articles/CBMi4AFBVV95cUxQQXNhN01xajNGWnZXaUxQRldJamZCbjc0NXdOTzBUWXhWeDVqTEVvajRtbTJNWlNxay1TS05BTDFTUVU1QjVWemxySGJsUWNMVFBCMnF5UkdQM2lOVE9zUjZaMmxLTkNSSjRfemNYZjFKekdzTm1KZHBENVZLR1N4b2dVaXBBY1pIXzFiazh4OXhtOUxzRlJDb3ZNRUQ1bkdMUDBubFJHWFdza0xJSkk0WDhxS1JjclBmb0swX3E1ZUktYVQ3MHlzRGhXcmpTcVNtOVBJQ1UxcmNKSjJWd3FlRQ?oc=5,0.5
news_4873970650469167108,‘Smaller towns to drive next growth cycle of Indian housing market’ - MillenniumPost,‘Smaller towns to drive next growth cycle of Indian housing market’  MillenniumPost,India,2026-03-15T17:28:12,Google News,https://news.google.com/rss/articles/CBMisAFBVV95cUxOQWI5d2JqdEtGRU1mT2NQbVRjazR4MFNEVkl0WEY3OGlSRGpFSlUtMkZZRVRxblU5elQ2aDZxMVc1R3FjSHVFU180Q1ZidWN6Q21RTUdaN2xSUm96bW9FMTQ1UHFZUldyelE2dnZ5Z2tCckR3WUVoUW0yOXdjVVdIaDZFN2lKbklUbnAtaDRIbWFLYWM5TEZtc2hJU0EtRUc0el9MSUdUR3dBMEJXbEYyVdIBtgFBVV95cUxPdThfY1dOSFVWN1MyM0haaVZjQWJBMDdjVDQ1Q1BSeFRBdWZXZnhkbTB0RGlGWTJIQ01YdlpndXpYMXJIWnNNUV9feFl1bEZNR3ltNVp4MzZmN19aOV9LMmdpVTljMGZiV29DUmxJZnM5d2hCc2s1TklWOUZaZnA0VjJ4dUZ0eWJYaWxrMjhnWHZyTTk2aWJaaFJtemVhRDhGdXdiNkRuSVdFUjY3OGJRYTFnWDBWdw?oc=5,0.55
news_3423942442749096135,India’s second-home boom: Why it is a smart real estate investment option and where India is buying prope - The Times of India,India’s second-home boom: Why it is a smart real estate investment option and where India is buying prope  The Times of India,India,2026-03-15T05:43:00,Google News,https://news.google.com/rss/articles/CBMingJBVV95cUxNZldkWHVlVDBadVpURGtfMTQ5a3dKRlp4d1RTSEluNFU0Y1ZXWFhlZkwzU3FmVXgtemxnS3dzdE1BZzlaVVVGQWVSMTAxRktDNnptU2t5bWw4bFQwV25hTjQwOEZ1T205ZW44bFhCZnJ1Z2oxQXZBdEk1Ty1Gb283TXhvS2tRZkxmUnUtMndwUG1SbUJOY3VGSVNsSE4wMi1QOFBtLWpoWlRSQzgyUTRVYUZHUFBSRGtEUE8tMk1fQ0RCZUwyQ0ZnM2RrUU1kUUxUbElSZ1g3WFp4NGo5M1pEUWhTQTdpQVlsMF9NdkZoM2FSalB3a1lZcDA0cVYtY29RVDcxQk41NjYxU0VPSkFiQW9hR09kLU9jRFZXVjJ30gGjAkFVX3lxTE1sSGxWMldiNC0xSVp5cE5yXzNHTTdzLU56bk1fMlZtbGVuMjNneURHUnIzdHlkWmN5ZElORmtHczJpNnNUN091ZjNjcVdma2drVS1TUVYzZWM2TjFxTEVZdDZFNjR4VlN4QzdxRTVyeG1aTmtodzk4bEZtWEdNVzF5Vi1XUjNLbEdOMWM0ZkNxbHc4ZEFOYVV6a1ZLdWpQM0VKZkUwOU9rN2NYMWNBZ0tEYWV5eUN4cE1XQnpNek1lMk1BaV9URGtrblBIN0hfYU1xaEo5ZlpJbnhSemVBc1lRcHRjRV9ZRjUtd2NQZ2d3c2RpOTFaWnkxTUlXMDZuLTRLYk5KXzd6a2p4VzIzVFM0LVlMUWNCRi1ESHZqbHZtRFk4cw?oc=5,0.5
news_3166841996656046724,Land prices in these Indian cities could double in 4 years — and most buyers are still looking the wrong way - Zee News,Land prices in these Indian cities could double in 4 years — and most buyers are still looking the wrong way  Zee News,India,2026-03-15T03:21:00,Google News,https://news.google.com/rss/articles/CBMi7gFBVV95cUxPd1l6VHpBOUV5SlRmOFV5bGMtQ0xVQ21zSE1pUWhKQk52X0tpOVgwdUtUaFZQS2pudGswenZKY0JxbmNpMlExZGhFYXFjanFBY0xwTVJWS1VGRC1aRlFXNGpaQnBfV3lYcThQMWpMYTl0STdNTUZOb3VIejV0Y0I5UndDdVp5aHpyQVRlY0tCMlJ0NmtFem12enVmSlFMeExWS292UjB4LTNUNjljeENxOEl6bzdHa0p1MWp4Y2JRTGZaMTNPaC1JUnM0T1E3dUs4U253anFXVmRJcC00UE1PZjVtbzU0UmxVdnpNRDhn0gHzAUFVX3lxTE5CU3ZFSnRSeVhtamxJd1BpVklHNEk0UnpUaFota20xdFQ1N2lxcUdxbUJ2T0NwUjViaE1wa1B4WHFPX2RKNm9nb1ExS1hqUWxqUmtnanZOTGtTTnpZdDVScVY5ZlRNN3FuQlB3OEJqRV9ERllCN21qdkw3SXdvMzgtNkRpLUJoSmZhMjBLdUNWMEZLekFObkdLZzhkNkFyTmVWNmpDR0RBM25Pb25aVVdBRXdSV3hrU3c5SXRGSWlXczBNbGdFWDVOeVh5LWtDUkUzNnphb1pOaldJZlAyTVR6TXJTc1EzcktLcUhCRkdWbFM5UQ?oc=5,0.5
news_-1251439673496899676,When prices rise faster than pay: Is India’s urban housing entering a new affordability crunch? - theweek.in,When prices rise faster than pay: Is India’s urban housing entering a new affordability crunch?  theweek.in,India,2026-03-14T13:58:27,Google News,https://news.google.com/rss/articles/CBMi3gFBVV95cUxQY19YZGxha05rTVZId00zQk5OanNlMEpYRWNRRHNWQldiRXdTakwtVmUzTjZKOTdaMnFpLUNDSm9sakRSenpaYk0zaHZBeEVHX0NSTEJWdVVQb3ppLS1odi1Pal9Dd1FpVFY0N0xFVEVFelBoenMtLW8wdG9zWm1vMk0ycnlOajlJS0VMQVh6dG1EQThfdF9ucDJDWVM4ekNsUnRVRmIzZzRVYXBjdVhzYXBhRG8wMVFHNS1BdlNmdjUyMXZVS0lHS2FhcWduVkxuN1NobWJRUEg0d2lWR1HSAeMBQVVfeXFMTUlVTVZES0piVFJnSjEwc0NtSGlrOU5OMml6S1dsZXdMelk3Y3VQeFh2MmhoVUtTY2dZNU02T041UDl4N3dkNjJzSHhxTDRELUFlUHVhS0tIc00tbFBCQzRpcmF5MXdyTDBmZWctWGFlMVJ2Qk5UT1VQUDc2RXlQNFZFSjNmYUJmZ05vR0JsUTJzYVpWOTJhdmVBZDJlUWtKNjFzTG1Lem91VGxCUC1USzdHRFhRSzdiRVRqUjIyUUNoOTFCdGl5Qk0tNU0xM083TkJXcHRSZmpucFVQaWNxU3V5WFU?oc=5,0.5
news_6549169166327177862,"India’s Real Estate Market Accelerates in APAC, Investment Volumes Jump 29% in 2025; Expert Insights - Realty Today","India’s Real Estate Market Accelerates in APAC, Investment Volumes Jump 29% in 2025; Expert Insights  Realty Today",India,2026-03-13T18:30:00,Google News,https://news.google.com/rss/articles/CBMi3gFBVV95cUxPUnFnVy00QUxCTXRrSmJzZ21YTWh2cG5EVU9LMnB6Ny1VQmxPbm9zVmlXNnI2UUNIb09IMnJ3MkkyT0VhX2lLYjRoalRqcVNKT3pHWE5hQmxQMDh2cUwtbFhUMVYwLVZTZ0xGOUZXNDY1ZVdXQ3VkQlVCSkFaSmxkR0U1T3FhTG1BcjZTelQydXFBd0xiZE5ydjJuYW1XSG1yZkk3NzBmZmdMSFpZYndIS3hkMS1nUHBlRXU0Um1kMXhBNU5VOHpCUy04Qk9Va01DZGlzVE9KY1hsSUFyeEE?oc=5,0.5
news_-6761766991178757864,Episode 5: Real Estate & Urban Reimagination | Transforming India (Season 2) (Video) - Mondaq,Episode 5: Real Estate & Urban Reimagination | Transforming India (Season 2) (Video)  Mondaq,India,2026-03-13T05:39:02,Google News,https://news.google.com/rss/articles/CBMixwFBVV95cUxQcnRoM01DLUZ4U25zMWVWOXY4cWNlWlpIVTk4SmUtYTJmVmhla0VvWUd0dkFhQnNkX2ZPUlBvRE1HUTZldzJ5YzdJZVRKTkQ4T2FEeks0UEViQUtyYnRyQzZhOVBhUEs0YlJXRDVMdk1FeXhXWElaN1dNRFZ3MURoZDFWVy13aW1KX1BzdnkxZnEzTHQwQk14TjYwWVJmNjVORHF2RjFlUnc3VW5mcVI5VF9uOGpFWkJ2SEpkYkFMclJIdU5ubm00?oc=5,0.5
news_-3054162950262136040,Will land prices in India’s Tier-2 and Tier-3 cities soar by up to 100% amid the infrastructure push? | Real Estate News - Hindustan Times,Will land prices in India’s Tier-2 and Tier-3 cities soar by up to 100% amid the infrastructure push? | Real Estate News  Hindustan Times,India,2026-03-12T04:00:00,Google News,https://news.google.com/rss/articles/CBMijAJBVV95cUxORkRNcTQwXy1rS3BESWlGVkhtOE1OTDZxcW9uTFlvZTI0RWE2UXlnbFRYUGV2clhReV9HRkQzdkY4N2NQdGpHbkxkZXNqbWtsX1h2SDdwMnpYdl9NcFZXZ19JMmhGa090ckRhTV9XckMxYk51NXc2THZzQlhGdkRMTHFSVFNtZnoxQThjUUJXV3Nnbmh4eTlTZ3E5ZWpXa2huU2JsbzlrY19OYmc4ZkFjRFpQb3pFSFRPd3pTQUY0NXFfRDVCU0JHZWJtNWNzR084ZjFNQ3NzV196cXZmSDh1OHR3eEQyVlFKU1dydkYzVEFUU09RM2JWZUFOVjEwemZneldhUnRVaFVhMm9w0gGSAkFVX3lxTE44cDJ0VzVxVTNkMXFNTUFxRWRWQlpKdGFuOWJUWHRuZ1YwWlhodXlkMlZvZWktdnJqcUd1OXh3d3hFVzFfN2M3VkZYQXhsQ3haa3czdEhQTlhCV3RsbHFlS1ROamp6aG5HYmFXa21JVW8yTGFBV242R0hhcFFRMFJ2WlktdVltNXY4akM3cDB2MXVZY1JiV21ibUlXWXJsS2p1QXJJNjFHbnEzc3cwX1E0TVEzN3hZTURpclViQVBSbGM0Wmpic1FqQk5JNzRMXzRRNFhJajNfalkza3BTMzVCck9Pd1hEMEZZdzZtbG4wSnQ5RjFldlNhZ0NUZlhuWlhaRVdyaTJ1R0xiNlBzOFpOa3c?oc=5,0.6
news_-367360316768132723,Global volatility may steer overseas Indian money back to domestic real estate - The Economic Times,Global volatility may steer overseas Indian money back to domestic real estate  The Economic Times,India,2026-03-10T19:33:35,Google News,https://news.google.com/rss/articles/CBMi8gFBVV95cUxNYTg3TnQxVVRUY3F4U3kzWUp4UTEwUzJCTUlUY3Rtb2xvMkN6YnBOaGlDaUlxRFdrRHNYcGxGOTJUblU1T0ZwYV9FR1E0QVNZbmY2UENaazRmSldmRDNHZlh3OUtfZ0RQNXV5Q0JNRGZub0lZbE82WTIzVVZOTmZ1R2NTUkFaNXN5U29hcmZUdmh1TTdQaUtjaFVGOWotams4eDBZYXlFOEFGTDJPZzJYcTkybl9tWjMtYlhOMm1FVll3TF9zeDZZVGlDYkRLYTFzR2x5LVZGbERBanpwY0hVVlJaejZiV3VvWVZUMHQ5SklaUdIB9wFBVV95cUxQaWtaWlpRR3dZUHJQZXVHVXlzSFFUZEx6MDNrOElma3ZhVW5sdkFkZTlRdG1ubnB2M18xSEJQQ09tQWFJdUZLQzdobmduWTRCWXZMcmdNR1ZBOVVSSGdFQXpCcURXOWhTZlREbEhpSTZrWkdCc2FlV0FQR08zcE9OcU9lQ01BdjBXLTlRd2NzQ3lNb1liRnk5eEpWcXdyQzFsY1I5LWVZR3lkaVBJZW5QbF9JRmlUelR0eHRrSmxOVnhDbEowS2FCMGxiYWxYRFBOcFZWSC1UN3AzdmFjNzd0VHNJNlRiX29raTBITWI0M2djSFlsMkZj?oc=5,0.5
news_7101469308026121496,Why South India’s real estate market is set to surge on massive infrastructure investments - The Times of India,Why South India’s real estate market is set to surge on massive infrastructure investments  The Times of India,India,2026-03-10T07:00:00,Google News,https://news.google.com/rss/articles/CBMi_AFBVV95cUxNRUxHbTNFWGxLWmlRM3BYWkJyaTVPdm56RlVqRzZOak14MkR5aWtfZVdkT2RaZWx5d1dpUDdrcW9KUHkxaDQ2QjN1YWlVOVByTWtBRVlZUkIwZ2xqSTZmcmVOM2pSZm1IbzBYT2NSOHRKdjdLcGVDX3d2Q3d0UzNQcjc3MUtseXlYbjJQaEdBT05jSVVzS0U2QWxHVEdtSEpvdGRTRUNQUkJtTE1oUFphVnNURVI4Nlo1cm95TEN0eXdPQ1lCSEdWdUt2MktHVzFjaWhHWllSUEE3RjcyR21pTnVGZlZPekNvNTZfMmFqMm5FeUpRS2toNmRPMznSAYICQVVfeXFMUGZLU3J6VG9KSFY0QlJnWE41SnVkQzRCbnFjcTYwSXRHV1ZXOG5KSEhfajRJVDZyanNRT0VvRjJ2cTFWenZZam1vdHFienFLQTJrUkhfVW42VUp0VkRGZGpwRjZnWW9aYUxQNHJxTTVMT0J1emRGUTJQamlKLWFaS0VOV0dMT3piRUVkMmNrVVpDOFI2bzBCeEJScHZjZ3JTUDNJS2IzckNSb1JaWks2b016RXFTV2Z6X1pxbm1reHZGODNZS2ZwN0tqV25DTUYyblRkMDVuV3ZvVWJTRFAtT2ZDd2ZIdGRQaGdvR3RiRFZMczBlX0ljT0JKOHZuWmUtZ3lB?oc=5,0.6
news_-6907433859642260705,Why are Indian investors pouring billions into Dubai real estate? Golden visas and huge returns behind pr - The Times of India,Why are Indian investors pouring billions into Dubai real estate? Golden visas and huge returns behind pr  The Times of India,India,2026-03-09T07:00:00,Google News,https://news.google.com/rss/articles/CBMiqgJBVV95cUxNT1dobGFFZU1VcUdRWDlrallOQU5NNEZlM2paYmM0TTJ3eG5KMVlQR0dpZW9oTWxjbnk3LVhHcmZUR1RHcTNGTjZMckN6NnZIRmR6ZDB6QkNWQ0NPTHN3eUhMV2lHWVVXVnpleFFPM1F5VE8yRlFNMzY1cHVvOUpUcjN1b3JqX2VrcjJzX0EzOU1LWERIRWlVbVg5SU1GTEllb0FmT3BEaC1jV0JCZUp4LVhSQXdfUk9aWm1yWkdmRWZtTlAxSDdrNUR2bnBCOThOUU4wd1JqN2dxQkNQTkE5NTNncGJrUVlkUmJ1WjI4eGZZN3BIRHI2Ykt1Q0pIRDBid1lYRFkzSFZOLTYwLXFDaHU2ckNGclVpcnNHSDNUXzkxZF9CZ1NwVmZB0gGvAkFVX3lxTFBQZmVqUFRwX3FGdHd5WEdKenU5YjNpT2ZvOU5hZXlrQWppRDI3SzJVVU85emx0bnJCMS1NaEM0dGFVSkxGT2hvbVd3SHgxX0lidG1MZnNrc1N2WjdsSGNueXdTdFBpTi05RGtKbzBWWVdLeE40V1BZSXI0dUZjRGg3djdMQUI5TlllUUpCbW4yQUhVTFZwb196UlBEdW5wYlFvQkhkcUt1cXhQQjZ1U2ZJLXQxbUFhUzZOS1YxMF9NQmM4dFdXaXl1RG42N0s1QnBuaUhWMUhjUWhEY256WG9jMEpPOE04WXV5T1AyT1pET3B0c3pfeEVrOXFhX2lCdXJRNXloeWs5ZE81STJXX0hYb281Wm9XTGM2R1lwczA0RkRNZ09sVk8xaGwtOHpTMA?oc=5,0.6
news_-1810269993274595185,Rs 10-cr apartments? Who is driving India’s luxury housing boom? What are the alternatives? - The Economic Times,Rs 10-cr apartments? Who is driving India’s luxury housing boom? What are the alternatives?  The Economic Times,India,2026-03-09T07:00:00,Google News,https://news.google.com/rss/articles/CBMiswJBVV95cUxOVTRFRlpmUlpQNVFIUmNwQ3ZtUFFzTkxvVnF2TUFOMXh5RU13WFo2TElYUUVJWHRzRFFTWDNONzQ3VGFxa3FPYkp4Z3dpN0IzcS1IaGlVcm9CSjk0djlmZFNGSjd0NHl4X3JwT3dwWDNaeUgxcnlWZUNfaFA5U1NfX09qcVRDdDNEYzBBejRNVmlqeFY1anBnZ1pmcktBanoxY280Z1hGS0M5RDV3LXZ0QkI1NXF3X09Ka3JUaXZfWS1qMTl1RnV2VE9hQXVEZy10eWt5NmlsdkVSOC1POWpmWFl6bDZ0bjE1a1RnaV9xWEhWVm44bFFwel8wQVgzSTZXeTdnRDVjSkhYcGN6dWlONUpvOHRsMG5vM3hEbkRJX1l3d19xM1BIeV92Y2ZJbGwwb2Nv?oc=5,0.5
news_-4982354835265696552,"Will the war soften Dubai properties, unsettle residency plans, & crypto fest? - The Economic Times","Will the war soften Dubai properties, unsettle residency plans, & crypto fest?  The Economic Times",India,2026-03-06T08:00:00,Google News,https://news.google.com/rss/articles/CBMi2AFBVV95cUxOcGFZREFpVnBsTXBWLS1yUGtVYl9xT0tVcUtORVR3ckp5Wkg2WnVYWG1DbzQ0cDg2RF9iR0J1YnFmaVhnSXpWU2o4MXZ5Mko5MXBwV0lvam1JUHRRZmhJSjBkdEZudWNrV3pESWJWQ1lIaWQ2Z1dJTm8wNmYxMVRsQ2V5c0x5ODlZYVphUllRUVZUaDlnd0ozRkg4Qk9Vd2NIamlZQndBVDF4U2JGVU8zT0hYeVF6Y09WR003VGNRVHdZMmdYT01ud0dkMTE2bHBGazFIRmVPM2nSAd4BQVVfeXFMUE80QUphdlBrTDh1UkhhamlwT1Nmb1NmSEZtZGxFNzJNUjE5YktYME1nX1VSLUd6YXBVOThaVHphelFVblNKc0U2VlBhT3BPN0xBbnY1dVBpTlU3WExjYmVjQkI2RVp0bEhEalRhaWFmM3d4eGUtMFdzZ1F5VzFRNWZSOGZPTGZpRFRQTXhmRGh6V1NMRXpGUGhfUVNGNTlnYmdESmFiV2kyTUx5RjdTLXRUTjB1dmk2MzZMblgyWEJELWdEenJhZkpkaWNLNldlUzNBTklaZ0xkNkp5SHh3?oc=5,0.5
news_1448593838639553186,Dubai real estate: Will mid-segment properties face pressure amid the US–Israel–Iran war? | Real Estate News - Hindustan Times,Dubai real estate: Will mid-segment properties face pressure amid the US–Israel–Iran war? | Real Estate News  Hindustan Times,India,2026-03-06T08:00:00,Google News,https://news.google.com/rss/articles/CBMi5gFBVV95cUxOUTZDSzEyYmRKWnVfU0JZSlg4cFQyRFBySEpTQllsT0JHZkpsMndsNm5ieDdVTXR0ZlFXS3ExSm1icVEzbk5YcklKOXRocjR0VHE2eHQxbjhtUTZFQW5kRWtuZE53NEJCdTA0SFIzY1F3dkJLMUNwRlBXT1F1dEtwZWxKNzRJb1lpa093VDgzMWxPS19ySTI2SUdEbWtLNjBJY3VZdGktN2hha3QtdmJWMDdkdkl4MFB6elRWa3Jpb1ZxOUVjYlJLNUljZzRYRVhLdElXX1VkazVwTF9JbHBibnB4Y0ZnUdIB6wFBVV95cUxNOVRvVFQtbmc4RVFBWTZvWEN2ejVta0VoNHFUdTJ0aS1hQ1R4YWdPTHNOcHEwN01lcTF4aVF3LV9UU1FOdzdUWXVpYlpBRlRHQWp3TVF6WGFNWXZwZUFhaW5iT3RNUThHX0Jvdl9ydmpjRl9zU2JXV3g4bE5sMk00V3lqUGR5SGoya3ZpcHVpVmFwUzZxN3Y0T1F4U1Y0bi13WFBKUklMZXdGWHBTX3V5TlBsVHNSRDZnWEM2T0lXdzdRZnZqTG13MmY3OGV2U1d1UTNiVld5UTh5LWVkbzQ0Yk5ucFJha2F1VkdF?oc=5,0.5
news_-4549841466943225128,Dubai real estate: Will housing sales moderate if buyers adopt a wait-and-watch approach? | Real Estate News - Hindustan Times,Dubai real estate: Will housing sales moderate if buyers adopt a wait-and-watch approach? | Real Estate News  Hindustan Times,India,2026-03-03T08:00:00,Google News,https://news.google.com/rss/articles/CBMi-wFBVV95cUxQMTFBSzk3V2FJcUtSc1B1ajZubnhXYWUzMGY2d2xfeXJLRTNSSVNJNlk2a05TX3diRHM0bkFXYTMtS2J1V24zR0FzWW9nU2JzMGdjbmFkMmk2Q0dMX29ELUU1TUdEcFU0T1pRWkFkOV8xTmRUcHl5dmdUSDc2Y0dnSTlwbWtNQXpaR19GQU1pcHNlWmlwenJXanlqODN4NnY1eHY4UGZfX29jakFkeUhVV2FiWl9tbXZtcDBiMk1VNGNzb1FFb2NvUlY3ZGRwRmp2dHhqSlRXZWVYdTBSUFZhcU9tM3ctcGJEenZIajBCdjIzYUctQWlmS2ltY9IBgAJBVV95cUxQQ1dET2p5QjVqZ0VZdEdJUkFuamZrLTVScFhQX0p6WEZSbDJsQzQxZFNTZzB6eEhESmczNkhMcHh6S05qTU1wOXFiR0w3a1dvX3JVMV9hc1J4b2E4MDkwUmhud09faFdRUWpBanhJMjhfUm5LOGgxcVprenZYWVpzUzBubmIyc2VfdzE0UkQwR3NPVXpkclJwMTBETUhSYTYyZEVXNHZNd0FRVmJRMDB6REV6N1pVUXZib1hIR1RRWjUxRTc4bUMwa1RYM2RTRzVwanlZSFJaRk9BWG9RYzYtTGF3c2xNZDZJdWVSVVFSOXY1ZXZIcHZHR182WmZLN2VI?oc=5,0.5
news_-53494329380075691,"Luxury homes in India may feel the heat of Iran war, as Gulf NRIs turn cautious - Moneycontrol.com","Luxury homes in India may feel the heat of Iran war, as Gulf NRIs turn cautious  Moneycontrol.com",India,2026-03-02T08:00:00,Google News,https://news.google.com/rss/articles/CBMi4AFBVV95cUxOSVpONzJsdDJOU1BUcXJZX3VNcjE5TTJVZDRzRlBMSmd1SkZFWHVjY19mNHZ6dlFTT2NrUVZOcTZaRFBYSVgzci0yeG1hTlpELVVONTJwWVhYeTFFRDlQNHU3QUhtRXdkbUt6aFpxUGM3cVB1aGg3VFY3Vl90UGkwWmJYQkVkbkp5OUZiZno1TDRvU0dXUmduMk5fQ1QxdDhoVlY4Mk9kYm9qSEtoVlU2RnFCR3J6M1VzU3FHSzJVckVzWTlZRm1BS3JqOEhZTmR0eDNIVjhaV1NCTFQyNV9iS9IB5gFBVV95cUxNRzFuR3I5VFJITGpRWkdLdHhmNFRLbHlfSHkzd2xhcWpYV1RVaXNOVXhGTHNadE85R25kYm5yQnYzb2RoNlFzNEl4LXZqOGJ0enNDWUo5UUlBTXlNSzQyYm1Bc1pWYThUZXVhRkhJb1YycjdpRXdUS1dRR2VPcTBFV1VBbXlCUm5KSlJ4Z01lbjNJSVRLT1NoT1VoTUFxUTZ5S3htX1NqdFkyS0k0N0R3M19SOC16OGR0bDE3UG5odnhDS21URXFUS28xZVA4LVRxVTBWYmdNR3l3UzMwc1BJQkZyX3lDZw?oc=5,0.5
news_-6759410636630419659,Namo Bharat full launch to drive fresh property boom along Delhi–Meerut corridor - The Times of India,Namo Bharat full launch to drive fresh property boom along Delhi–Meerut corridor  The Times of India,Delhi,2026-02-26T08:00:00,Google News,https://news.google.com/rss/articles/CBMi7wFBVV95cUxQclpKUFZDSS1jdlNwNDBQVXZRcDlfOHJDd2cxUzFIdTN0bFY5Ym1HRk1iR2k2RHZUck9CVGRsTjM0T1phWVktUU9aQjdXN3RQSFlTcUhHaGhxUXZ0M19ER2VFeUVWNzJYSEtDS3Y3d1dUdWZ3ajJ0ZU9Gd2Z1YW5sMXFud2hEQTZiQnd1RTJfcmFUWmJpRnhmejJkQmJBTjVvN0lmZEFDV2lGMGxLWUlienBHMWFsZmlSZldtTkZDSTcxSDh2TEFhZXlVYmRMbHVrTnhod2FuNEU2TGgxdFRJUzdYbmJrckJKLThmWl84WdIB9AFBVV95cUxPUVRxbGJNQmp1bUtmYkQxdDkycXJoNnlCdTNnTFh2aVRyTUk4OW9uQUJROFloNjY4djJVVDNNOXNWUWg3dlJJZWN3d29rTUlmYmpMTWFuNTFWT2R4V2N3d3pMbGs0NElJNzB5eU5McTVWYXVFVG5QVTlIUVRxQklPTll3eERYaW1TZ2ZvdHh1X1MzT2NSV2ZMcFBzeVpZamFoTE5pNG1HX19mUlk5SDBoVkJmYUpuaHF3MlVyYzZJY0hETzkyVkV5OGptb2Y4ZDg4S2lKbFFVdE9meTJkWXVWODFBeTNkRnYwam1PaTNKY0pub0o5?oc=5,0.5
news_-6476282842312671282,Bengaluru–Hosur Interstate Metro proposal sparks real estate activity along NH-844 corridor - Zee News,Bengaluru–Hosur Interstate Metro proposal sparks real estate activity along NH-844 corridor  Zee News,India,2026-02-24T08:00:00,Google News,https://news.google.com/rss/articles/CBMi2gFBVV95cUxQMXM1SHFIbncxaUtDSjB3dWpHQVpiMlc5Ri1maGplVHA3NXd2XzI1N3dhX0J6cVY0RmZHeWNxS2JIWmNpNTVkYTBuZjlEZURPcV9PRWlfWk9JVGsyQXdPb1NVRlc4UDhnUTlaU2tlSndkcnNaSTRPZjB4TlJxT2w2MVVzdFV3Z2dyVkFtYXl1azZadUQxUTNrVlBTeENyZlJ3LVpNV3dJSG9SeWVQdnRrYXNZZEc5UklLR1Mxa2dPcWtlMUFuYzFkN2NpYVlxc2ZSZm8zM2UybnhSZ9IB3wFBVV95cUxPbFpzRHlxSkx2QkZXczdYY1pSNy10RE9DRjhBVFlIVE1qQ0NBdFBvY005NFR2VE1udGtFRk4xUXM5V1J6WW5jS0xDY0tncGI2TUtEeDYtY3VLMHBJYVZfcUpSNmFybkF4Rk10b3FHQ2wxVTB4WXNLdmhoU3VmVWplZ3ZVRDhKbzVUaEt3dTJzREMxLXpWNXp1RFVXd2VJV2xpdkNoQXM2RldvZWliMFAzcjFOd05VbGlFcURDWmtzUkRYRTlEZXRGUGdPcFZNbl9WUjVUUTJCdzNqT1lTT2hF?oc=5,0.6
news_-3737911313548293665,"₹1,000-crore bungalow deals may set new benchmark for Delhi, inch closer to Mumbai luxury property prices | Real Estate News - Hindustan Times","₹1,000-crore bungalow deals may set new benchmark for Delhi, inch closer to Mumbai luxury property prices | Real Estate News  Hindustan Times",Mumbai,2026-02-15T08:00:00,Google News,https://news.google.com/rss/articles/CBMi-AFBVV95cUxPYjAyX2E4NUtmUkRjUUNuUVVZN0x0cGZlbzFZUXhaYWNCa01tOFp6VlZsdzdfblBDNFBUSktrNW92cUVoWTRVek1mbUcyVlQ3R0tYdWtrMEF2NlBLLVgxV0J5MG05RThtRG9ZbGlDZlltZ0lkWjZUSlhQWWpoZEljNXRwd2hmNHNneXJwaVp4OXFqY3JsVG05YjZrQm5jTElGc3VMN1BKN21nckdwZmFQRU9SWXA5SFI2RDZiZmVQNzJwdWlCRGxSMnRaVXFweERJNFJfOTBLOFdyV1VSYnl1NGdWOVJyWlMyQ2xocVB0YTZXVlFNTzRUSdIB_gFBVV95cUxNMXdyZ1pXQUQwTU1NLXAyaTBUU0JRdExOVjdhUlNHNXBxSUhKTDJRSDFiV2tFZ0p1d2RCVlpXYlY4Ukl6VDFqb1NrMmZvVDNNc0gybTNVQjltcm03Ri1RTk9rMXdHdzdUYll4dWkyTWg2VGE1ejVaWjFwZWpoUEQ1NkhjN2cxUWFVNjlOcG50bkdZTXFRbjRMbk81eUhPTE5GMV9FbnJKTG4zMVRXeThLTE5jX3dVclpOcF9kQXE1QlEzSXY4TWwxazBzQ3V3bWROUUZWSUMxRC10aGVSemFtY0hvSXZHQ2oxYU1SWS16OUdIaVQxTE1IWmVBOERzQQ?oc=5,0.5
news_-9192541438371533178,Bengaluru outpaces Indian cities with 66% surge in property prices - Bangalore Mirror,Bengaluru outpaces Indian cities with 66% surge in property prices  Bangalore Mirror,Bangalore,2026-02-11T08:00:00,Google News,https://news.google.com/rss/articles/CBMi4AFBVV95cUxNdXpCRndGZ3BqbGt5aHllNlNmNlNTRGk3UFlHaUtBcEZCcUlZelFrZ2hMZjZERXp1OEktVGpGWVBvcTcxWkVfak8tRnNVcG9GTkhoOW5MamNIQWFYQTVmZUdJUnduWF9ockczU0hlMVkyRF8yTmJVRl9RR0MxQTlabnE5VDhQbkVvUmJZWjBkazRDSnZKQUFBTGdwOWRVeXE1a0o0X3RTNWhnbFQ2cmhmNEQ3YWJqU09FQkp5RjdUUVM4RG8walBBLWFnZUxsZ2RSdHZFLTJ3SUdMZS1FYmx0TNIB5gFBVV95cUxQQ0tjQzNQdV9sRmhGMEVHbkhDUkp5bjdmdUtJTnpzOVNfeHluWU9lTmtxc0VQbElMZ1dxWEdvVTdhNjNCWGZwWG5BcGpQSUlxM05tZWRRVjEzclBRMWx3aE9aNlVLVlhrOERWQ1lhLVdqbHFpTllOMzU0blUxOGVXUFMtZ0ZlODNKZUlGMmtYTjB0X1pCOXdYcnNzaEFuemN2R3BoblhYTlpORGxFSl9FWmdGc0lSam1yZzgyaTFXOXpiQTd2d2ZaTGhyaHBiMVBSYzdveXRUSGc2cVY1clV5TmIzM3diQQ?oc=5,0.5
news_3530616271805532960,5 of India’s fastest-growing real estate corridors outside metro cities - The Times of India,5 of India’s fastest-growing real estate corridors outside metro cities  The Times of India,India,2026-02-06T08:00:00,Google News,https://news.google.com/rss/articles/CBMi4wFBVV95cUxNM1pQd1dobUtqRC0tWE9qNFZSb0pTM0t5UU9jSFJzT3I0a1JVWTFyTFY4TEI3X1lRY1Jzd3EzRXFlWW0ySFdlM0xOeWZJdTE3dUJ6RHJ0QjEwRTVISWlCOTJiTWptWXhIOWEzVmRia1ppZGcxRUNGTEk0dEx0SEFVXzFBQzZ5QkdfbTdhbGNYOUdLTktCRElEM3BhY1luYkFVY0tsOUs3MGRpcEtTQW1MZzA0eFlqMlM5X0p3VjN4dDdMaVJlQUFfQkMwSGdTZjhHQnpVbV9taWhyWElyLWpRMWRaMNIB6AFBVV95cUxPekpISzNycTRZWmt4RzVlZlVKaFVsbTZZOHJZWmVWMmJUaDFuS3V0U1dmcHVzdW8wdE1TWTlrTThkM2w4ZzRHdVJjTnNRenpnNWNCWDQ1N01qVkxNVkpLeHJTdEQzWEFPNzBNWk1UY3VXTHJ3bm9yYVZNdDA2YjA3QVZpVEhWNFRUWHNnWEVKOWp4SEJxWXlMcjB6M3Y1YThzbHd2QXZ1YkpWV1dlZHVuX1dxWWJtTVB4b2oxOW9GaDFwM21aNXdrN2ZEQWo1ekdtR3VPYnJ1VzNqTy1VclRhRzRkMUR3cWFK?oc=5,0.6
news_366189467440630033,Residential Dynamics Report Q4 2025 - JLL,Residential Dynamics Report Q4 2025  JLL,India,2026-02-05T08:00:00,Google News,https://news.google.com/rss/articles/CBMid0FVX3lxTE9GTi12OU83bVA5cTViTWZYb0l1R2g1c1NYOUxpUXFycW5tckVrVG4wVFo4bFY0a3lKNThxblFxM1Z1QlNnRVBEQ204TDlGR0VjLTR5SzIxeG1wTWI1dnpzUFoxUkZHVXFCT0JFS0VQcXBXUkdVYlNN?oc=5,0.55
news_-96023256657932313,Metro Train: A new look for Hyderabad.. Land prices to soar with metro expansion - Asianet Newsable,Metro Train: A new look for Hyderabad.. Land prices to soar with metro expansion  Asianet Newsable,Hyderabad,2026-02-03T08:00:00,Google News,https://news.google.com/rss/articles/CBMivAFBVV95cUxOQ1VPX3VMdVU0djEyUVczbkc0V1dWNkttdGNzNTNveEUtRTVRVFNTaE9pY3hRSTBCQnFrZ2VwdzdGMDUwTXVNUXdyTkdsLWhoWGt1VFYzbEdNYnQ0VWFfTXZwTTVDNjdGc0Z2Njk2SmpWTnhSVjlUb2N1d3JxaTZqbldWbnBZeTVEVkRfTUtQYzNSenhGNnkwQm56Mm9jV3FkMlFBVy1kRlY2by15TWJzcVZ2UXJmdlRaQ3JlZ9IBwgFBVV95cUxORlMzQ3VWclRMQUF4VHh5cVJORkxuYmpxbWNoTG1sVW9fc2FDSy1MMVlORHJMT3JSM1BRdEVyM3hiRVNBNkIyb0o0eWtOMVJfWVlGN3I5dWpfcnhxZkE2LUFqajZvTGg5Z3VOMWo3Vl9aYTlVZkRjb3hNQVp1elpnOTlOakk1NU05YUdLOW9VQlhWQWlHTzloNVZjeE04aFlPT2VDWklUSXpfLWhnRUExak50UGlMNDlTc3NsSC1XSzhGdw?oc=5,0.65
news_8761550029782921033,"Not Mumbai, not Delhi: This city offers the best returns on real-estate investments - The Times of India","Not Mumbai, not Delhi: This city offers the best returns on real-estate investments  The Times of India",Mumbai,2026-02-02T08:00:00,Google News,https://news.google.com/rss/articles/CBMiggJBVV95cUxQSGsyMWFRN3VPMlByYkZST0drdnMxYmxHeXNtWkp2ZHZMYWc1QVR4ZE1ZbWw5VXR4ZzJDNkRjcHZRanMxMzdia05pNDJCT0dzLXZ2R29iYVFZeE1wbHZ3RWVtTWEzOVpWeFBKQnJqczZHTnJHUkRfVmVnbU5sNU1CNjlKSUtzVFB1U0hZdWNXZktTamR5UWo1bDlfWDJFeUVZSldXc29DUkRHR3M2Y1ZyaXd2dkI3YUJPa0kyT3c4eHQ0dVItbF8tYTFfcHMwOUUzY1h3VkdsMmd3MWlZVTg3MW5PMl9GSFM2V29OWUVKdkM1SE1xckN1dG9wVHdzUWxUZEHSAYcCQVVfeXFMT1lXMWlwZFp1Mmg2M3g2TlBIV2VEelF3N2NtRnhVRHBUTTZjMm5vN2w3UDhlTE00VzlGTFNfVzk0RUN6MXR4STdYNThLdmxMbWE2X1liSEZlT1I0eEs4NE5aSXZTTnI3U0FiYVJfZ3pjS1dVSVpvMVpXOEpXWjFvTENHV3MzSkl1cm1pY3lGMkJvSVpXdW5POGx4TG4zQ01zYVZuTnlDQ1lwWHk4LW95M2ZPQkIzSGtMR2N2a1EzYmh5aEt1V1otY3BtVWN0OU52OW9QOENueVA1aWo4TTFTMzZCbklsQVQwekVQUXFsMVVFYkY5elhLX1Rwa1NRMDJ4ZTE3cjJZRHM?oc=5,0.5
news_6880977058713344157,Budget 2026: Bengal real estate developers welcome focus on infrastructure; flag absence of housing-relat - The Times of India,Budget 2026: Bengal real estate developers welcome focus on infrastructure; flag absence of housing-relat  The Times of India,India,2026-02-01T08:00:00,Google News,https://news.google.com/rss/articles/CBMipwJBVV95cUxONVE3dXZTalpoZ1pJX1FJaHBmNkJvc2xlSWxxMzExOWQ5QW9Rc0loV01RMWhyNUNqb3hUd1lLRm9vdVRJN25MZzV3by0wTHRITTdwcGo0U3BrNmpKZ3BKOGtsNWhlcUtyNXVRZXM2cWhneUFxb2J0eGE3dkpBT25mT0dRamJJNldJU21YN0hsc0V2NVRWd1Vsb3JRS1pWWS1ESWg5bHdaU0drNXRxOVBKSkxGY1EtMjN6TnpGd1lmblVaQ1BxMnBWNUhjbFdBU2NDSU9IQldOOVZaai1KcGU2NXphMEJsT2RTOWxHenY0MUJQQUI2dVIzVUhQemZSTkVwLWd5NFZWY09RYVZPZHRIQ2RSZHlRUXJOU0dpSEZ4aTBpWTRSMklj0gGsAkFVX3lxTE16UU5VSDFjTUNSMUJlT3RrcGlBUk9FMjd2anZYNGN4dmRTQXpjU0pkSkpXZkxSRk1MWnJEQzBUQWlyN3NRbEMtd3ZZTVJaV2hLQUF0UG9oNk9HeVQyWV84aUZtdmZUWjlBWXBZUERnY2VIaDN6dWFsa3VsRURNaU02R2ljLWdySWVmSjNsNG1rVUZRZF9oemVwSlcwSllxdGlPOUlhQ1RhQk8zU2c0WEdPT2xZd00zRm9ST1ZDWlEyRU9BbmNvaXlOX1hjTkE3YmZRdDAxNVVmLXQxVmEtbGI4MXVubGphVTQxa19JZmdDZkQ4N2hORjlfUGV0dE5FM04xcUhhbDZFYU1aWF9ybExETWlaeFpfeWdVdHU2ZjF5eENsNlprQ0ZWWWNWRw?oc=5,0.6
news_1645397335848106550,Budet 2026: Bittersweet rollout for realty stakeholders; here's what real estate sector is saying - The Times of India,Budet 2026: Bittersweet rollout for realty stakeholders; here's what real estate sector is saying  The Times of India,India,2026-02-01T08:00:00,Google News,https://news.google.com/rss/articles/CBMijAJBVV95cUxQVnA0ajBBYWtyWVg2VUM4X1NyamFSU2pZN1g5bUs3c1RIWW5RSkpXN09CRm56SFZmSGR4dlFLeEY1Vl84d0NWV3U2a2t2RW90Ul80bkNsT3pHOGJYNDdxSDdhWEJjb1ZlQTIwQ2FheFhvSTVEbm1LSy1ha2NiSUtDVUhIUnlfY0QwQWNVZTdqSExMaEd6Slp6cURSR2lzNTVxeTY1N2VaTHRWNGpfUnJJTjNwOEV5cnpZM1ZaU3k3eEQ4cHJZc2VQcWdjd0ZjOTZhdGZmVkUyVy1BMHFYa1FaVHotaGh3UFRjRmNENnNFYXhkRzc1YmxUbENFZHVDN0VXQnBtcWNYekhxV2Vy0gGSAkFVX3lxTFAtb21zcXJsZWVrbldjdk1LVmtDNFVHbHlpRmpmZzdlVWFXTWxfaTMyN1psZkluTFRzSnZKZXZJSWQxUXJWU2tvaFJPdkZJSUgyVVdHMFpJZFc3LWlGWlhoV2NiLS1GcGRvcFlvdUtOOTViR1h6OF82YlBrSTV2dExJeTQyV3JYN1AxVWxTcEJ5QnQ2VkRfczlYWUxDU3phYld2TGxiQ25hd2NvMHMzdEhiYXgtSzBuQThVclExUWc1c0M5Qmw0V3JVcFBmd2VaR190NDNXNFNzVkx4cm5nZkU0NzhIT1o5dzMzMDVhajdONURneFNSaXFOUEx0Q1BGN2YzODcxVDdfdmFMSkF1RDBxYlE?oc=5,0.5
news_-736760855937299922,"Land, real estate revenue eyed to improve Gurugram metro finances | Hindustan Times - Hindustan Times","Land, real estate revenue eyed to improve Gurugram metro finances | Hindustan Times  Hindustan Times",India,2026-01-28T08:00:00,Google News,https://news.google.com/rss/articles/CBMi0wFBVV95cUxOUklJUjFsSG9CeDJRcEYtSUc2cWloeFlXdlpteklCVGxMM3R4eE84dFIxekN6VjZjY3FwdnBIQ052OC1ZSGt2T1pEUkxrQXpuaWVKc1p3X1h1RG5pNmxBRzMxMTc2Uzg4a1daNmw1VklRSnRoUkxQdW51aURhaTJ5RWZxNkFES2lnZVpjamRxZnRScUktZkNiSC1kOURGc05NbXdfNW9SYlF2WnRBakpjZEpKZl80WnEyUDdaX284dlpIc1hNUkd1YkZYdUJzRnAydGdF0gHYAUFVX3lxTE54Q2M0REQ2ZHpIRVBwTVJRRi1QQzBPaEExUExKdUpNT1BDNE5YUkwzYW1JcWx0NFRGLTVpYnpqSU4yTEtCWDgxS0NiSmlyeUdfWWdiWlptZmNKbmxCUDFST1BKeWIxXzlMSEthS1pNOEw3aG9YQzBwUVlON2pldm8xSndOcUhhc0k0dFh5ZWNGX3BEaXB1dksyRF83OWh3YzE4YlhON1B6bTJ6THJUZ1hKeS1ab0RLUUtUdnd1UWFwRXlrcjA3b0VRRk9idmJMSW1KTFJITGZuOA?oc=5,0.6
news_-5424690835875601180,"India's housing market normalised in 2025; sales fell, prices stayed firm: PropTiger report - The Economic Times","India's housing market normalised in 2025; sales fell, prices stayed firm: PropTiger report  The Economic Times",India,2026-01-24T08:00:00,Google News,https://news.google.com/rss/articles/CBMijgJBVV95cUxNTTdPZmEtbHBXN0NtN09kcEpZbnBma2txZG9zQk9LdEZ3a1E2TlptLUQ2UFVwVVZZM1FueHR5SE51YVBuM2p1RlVUN1VYSEJfbkNqR2g5TzlXRG1EU21qRUZteUVtQXgyZkYzV2ZpWFRIdml6NWs0YnZCQ2djR0ZGZEsyM3hXdG1GNC1ZeFNVXzdBTkw2Y1lWenA4aGFuSndxdGtqNTQxMWxvcjdwS3VlOTFqOXNna25PTm5jbHlkYXMzcWlhSjA1bUpLT0tZVTlvX3RmU2ZIUzVNc2d2R2JCbXFqUDA0U0xRMTRUdlhSUkxoQXloWDZlQ1dITjFFcy1DM2ZCVjZfajNZMEpiQVHSAZMCQVVfeXFMTmZxNE90Q0NOUDVXVjdhOENXSEFZTjNjcUVVWWw1ZnJsTWV3UHRYYXdqaEttckE2R2xmZzM1ektLU011cTBCZndFclVkc2NlY1M3SkUwRE9nVWZIazZidFFpZmpUSEUzaFA4ekFMLTRNUUFjN0VkaFhVMTdTOXdRSlhuanpvNEpzYThwb0RBYjg4RHhyOHBnejhYNWdhRWVIZDVFVlhhT1c0MVlKQ21uNXZNWjQ4ZTg4VGl5Ujhrdy1kYjB5eVlaRmo1NVltWDVWS01GRkEwRG14V0h4empIMG9sSU5acEJGMFpSY0doY3AwTy1kVTlQUUFsNUIzVktEdFljTWtlYkVfMkZoU285QU93enM?oc=5,0.5
news_3091506247871095076,"Housing market cools after boom year as sales fall 12% in 2025, prices remain resilient: PropTiger report - The Times of India","Housing market cools after boom year as sales fall 12% in 2025, prices remain resilient: PropTiger report  The Times of India",India,2026-01-24T08:00:00,Google News,https://news.google.com/rss/articles/CBMilwJBVV95cUxQUldiMlBRUUxIRm1yQXV2dFFYbWxDTDJ3dGhsWVZ0SHFNVnRmeExIZGlfZWhnTTItV0dLY0l3R2ZLSjJGX2t0b1BhSTF4LUVIa3lfVHpaaHBackFKRWU0ME9HaFhiZ19Fa3l5ajB2OHF0Rzh1b1VpNWV4cUJvbnBENGZ5MDBHV2N1OGJqelVpUkR2MUlaelVJVFZXVFRWTUREMUgtXzhfQ1ZRVW4xWFlMc01iWTNHaGhPb1BxSVJFU0Q2OHBMcFd1d1RZTmVwNGNTTkVCS0p1dlVBYzV6Tk94eU9CS19EV0REWXZSaWtLNXRsVmJlSmhmREtxU3lGeTJLRlllYWttRXEtMjF6dEdudGZ5cWh3ODjSAZwCQVVfeXFMUDR1SG9nNy12c2JmUndWOUJWUUtRRGM1aEtRZzZLOEVYMkRKUUFSLTRIR0dmRURhTWM5LW4xS2FjUlZwdEJ0Q0dnTlJoS2kzTWpIODBYWXZBQVBHYWxwSXdVUUhMdTdiaGZWa19fZU13eFJjVjJON3VSazdaY2lSa0pYX2pmOTc5VkdUUTZqVFlJSm1Icy04OTN3b01ldTZILTR1RGl0X2tGRFdHRDRHbmhENmpZb3NDLXVZQTE3a1lLbkdRYlhzNF8zcWNTZmlCZF8yRlVRU1RDNEFJT3cyOTNrSkpjNkZfWmRGcnlaWnk5a1JrSXhvVU9TTHZnbjBLdzBFUjdxN3ZkNkFKejZJM2RibnhFOHZXZ3BUejE?oc=5,0.5
news_-4993030132767765358,Housing market in 2026: Waiting for a crash could cost first-time buyers more in India. Here's why - Business Today,Housing market in 2026: Waiting for a crash could cost first-time buyers more in India. Here's why  Business Today,India,2026-01-18T08:00:00,Google News,https://news.google.com/rss/articles/CBMiiAJBVV95cUxPVlY4ZnRGUFJWQ2wySVE5cFpiUC1tazBOREY1VHVSVlhWWlM5UUwxMXdZTHBaM3VjWXVsak5oY0ZKaC1YN08yRG94a0owMl9SRlVCWEtqTGRIV09nUmdpcGcyelVjSFU1dDhiV2xXaEctLXVGTXhpSXdpc3VjV3NXc2NCeE92MDZQYVZMcEE0TTV6aTZMb1BoWlZjSktVMG1sNmF1RkVHX3RsOU8zZ3k3dHNJU2JNSU40N2pGa3FaUHgxRnJ4UGNhalpvVlVrMnA5RkozRzIxWXVwU2xVczRCUmFiY0UtVjk0SFhic3dFNnNRODlWbG1qcnVJWEtGN0JVSEQ2RFVRaFXSAY4CQVVfeXFMT1c0YndiQ0dLUGRTb0JHYjE5MjBlclhqNUo1ZkMxTEt1dnNwczgxa1U3UkNQTTU0Qm9mLW1ZZ19pMnZQLVNpSjZmcG1sRXpsY2lCblVISGstb3RuZjNFd1Itc21rb1ptV1dMZjR6MXNreUpiZmUyUVpEUlBDSHVHS0xvcEJQT0FCMENzWENJV0NIWXU4eEgtVF9SR1JhNEVjeVJ2WDFuQUVBNmhNMjkzYjBkdVp0bEpZTDhBMmFsSTloc0RsR19OVUxmX1R0di1ZVEhWM1dyQzZOX1VNcnhGTnJsWjU0VjBZMGJEYXZUckQ3am52S2pHTmlmQVBsUGFNX01FRDV1RldUeUVwelJ3?oc=5,0.5
news_27467423983359762,Real estate outlook 2026: Homebuyers may stand to gain if housing launches increase and prices stabilise | Real Estate News - Hindustan Times,Real estate outlook 2026: Homebuyers may stand to gain if housing launches increase and prices stabilise | Real Estate News  Hindustan Times,NCR,2026-01-09T08:00:00,Google News,https://news.google.com/rss/articles/CBMi-wFBVV95cUxPSWlhTmFMcmQtbW9TdlVxLUY2Y3RXYXpTZmU1T1YxbjNZV1p2Mk5FRVNQQjdUUUhrR0xteVlVZk0wYWh0YTRZcmJ3UXE5MDA3eEZ0UjItQ096NHYzT3BWczRCSnVRTkd2Nkt0R2JKMjZ1NWM2ZFlWUmdBMndFRFlUS3YyQmcyS3Z3TGlwVlBTZExkR1M5b1p0TDZfQlYxRlBjRThJVm1xMXJsNFdIOFRaVXNEeWdzRkRZSllHOUZnUmc2Rm80YUtKZ3BhQkVPdWJwTVdfZmQ3UlIxNFpGN3FIdzRlT01rSGwwRk1lOXZKanNhZ3JqbFZNUENJQdIBgAJBVV95cUxPUDNWU2VhWWNmaG13N2k2WkZlT1lqOW1QWlhxNWRtV09Ycld0cUZMdkQ3SlBlNmQ4a0F1dklvNlVIOVR0NnY1djhXazlLMHh3SzJQSjhpTGVhMUlncnlXdVIxdlF1Ql9xbElhSG9EYmoxV0liVGt4YzR3NXJxVzJTWGtKVGgyb2IyQjNHaGhpakZUdElaaUVqTThfTTBBN0FLSkVGQ19ycmFsRHViLXpDMnB2c3NGTnhMUWM2NHNNRHFNQU5TMGFmX1ItV1dKSVVfaUJ0UXJqZlVrT2xKQ0pVWWgwVTZxQW91QzFKLTBjYmxRaHZaUlRoNldjdjhXYnJO?oc=5,0.55
news_9040401262326024248,"India housing market declines in units, gains in value during 2025 - The Times of India","India housing market declines in units, gains in value during 2025  The Times of India",India,2025-12-29T08:00:00,Google News,https://news.google.com/rss/articles/CBMixgFBVV95cUxOSG1tR2U0RlNzSk81QUpNcEVRQkt5NkVzUzJPYlZSeEpEZ01OZGFZQjRrX1BCY3dMRG9PWVRTRFlUZTZhSTRfWk9KRmhvYTdkdXI0SUtvMm9ZX2JjU2ZFb2huN1NFR3k5bDlxUEdnOVNEbmU1eHM4Y1NnX3JwMEtMbTRheThlQUFQMzRxSlFobXZqNVIxN241VEdjRU9jTnFQWm5aYmUyelpFb2NSS1p2T0Qyb1FRSFJPRmRvelZzc1l2SERKb2fSAcsBQVVfeXFMT0cxTDg2bmhnXzhmNFpPUlNIU1U2d0EySi05OUlIcEV6dXZfMEFRbFYtVEktSW4tcnVEbTA4YTZfS0F2b0RSMm1nN01ldEJWUHUzQThuZE80NWZxY1BGdEJmamRyNTdfak5tQW9xMEYwS203QTBjblptVENVaVVZZEZDdUI3dEF1X0xpaVVQLWVsYVVKNUlYWFdSdmluT0FReXZiVDVWaEZQTXR3ajBPaTNmNVpETzdjZVVOVjltVHRSeWZfcmxvdmtIV2s?oc=5,0.35
news_-591484889676196551,RRTS emerges as key growth driver for real estate and mobility: Knight Frank - Construction World,RRTS emerges as key growth driver for real estate and mobility: Knight Frank  Construction World,India,2025-12-26T08:00:00,Google News,https://news.google.com/rss/articles/CBMiiwJBVV95cUxPc0FTR3hOM3ZsLVBrQzdiVEZzNGlHWWo5TTV3UlpLNlk2Y1ItbFZHejB5eTZ6R3R5YzE5dXRUMWxnTXVmVUwzRl9Tc3doUEh4eG9DNUUxeVJqc0dSSlN3YkVZTXdNcHVvM0VsSkR6d1NnMnN2a2VPT25SQ21LVEt4R0dBYS1MNEFzWVpkaHdTSXdJMXd0UjFGVm5EUGpiR1ZxWWdyODdJWkxMNTRDc3JhOHNrOHF5ekF1SnpNX1g1YjlQM0xIMEF4MXk1N05LeHBQYmVOTVdORUlESDdzakpoRE1tYlh1Y1ZvWDVWYTN4SklkNDN5dXB3Q2x3eE1GMTg5d0xxQkI1TE5Ba00?oc=5,0.55
news_1099127731547160603,Housing sale dip by 14% due to increase in property prices - The Economic Times,Housing sale dip by 14% due to increase in property prices  The Economic Times,NCR,2025-12-26T08:00:00,Google News,https://news.google.com/rss/articles/CBMi5gFBVV95cUxPY3FBUlVVcXpHSVhQTU9pN3h2RDl1R1d4UEJmUkpaQWhpNVFBVFEybXJZaGx1YXFTdmdYT2VydG44d3BCanUycHlQdWlMM2hReFZBbEJfc2FPanhUWmZZOFR4MGdLeUJPOWxybFppVkZCMGdCT1d1Mlk0ODJMdzJVdXc1TWpzWl80cXc1U2tFN1hZLU9IWmVLOVdXVFdmdjBxbThHYUIyRUlTa0RkbGYxZnhfa1c2OTVCOVJ3TFVSSk5NUjd6N0JhcnZXYjd4eGlJRWFZQktCc3Z2bGVONGZZVG53Z3h6UdIB6wFBVV95cUxQbzRqS0t4VlN0cEVBRm9XdTNpX1lzbS1JUE1fN2F6eDNsUk1CX0xNSnBoQXNfWUtXMWJmSmN0NE5YX1F5c0dxdmt4UHl1UWRpN2JOZTB4OFEzOW14VnZETWhtX1lIMDFWSE1iQWViRVdXeHNHSzhZdUMwQmZyQnQ1VFJ3S3JoWjB1ZERSSGd4OWZVZXRiNm54TjF2YWNlYnp6S3pFbHpBTElJbV9LalpFZkxaTE5GNS1RbWdKcVVpeGljeDljM2tfaExPeXlJVktsSnBSLVVaTW84WUJnRW8yeklwTlZ1YzRYOFhZ?oc=5,0.55
news_-9030760381816588372,Is India's housing market entering a new phase of lower sales but higher value? - India Today,Is India's housing market entering a new phase of lower sales but higher value?  India Today,India,2025-12-26T08:00:00,Google News,https://news.google.com/rss/articles/CBMi4wFBVV95cUxQZVBkb05la1l5Qjl0NEI2cnBiaWZaS0lzcVBrcS12RGYzTFJpQ3ZzeFdmU2p1Ukc1aXZ0UHZsM2t3NDZWU3pSN01XSGVXUDZudDVXS1RZLWlaMUdBQXR0ZXl0R2tpMkRBaFM0VGEtVkFUSkpGTHNtVFpJWktJcndveGpQWU0ySXFJcXdhM2lhbDlmZkdJaFlKQV9sa0dwNEhhY1JfV2FObmRkWWo5Tk85dE1hM25MT2JGekprcU1RdmNacEhVM2VqLUVJcUwzUTFnRWZ2ZEYyc1VQdHItN2VDV3FhONIB6AFBVV95cUxQMjRsaHNyZ0xYeE1QNlUwaVM3LUdMeWtVQUZJNDMxU084Z2tkZ1VWeVhjd0FRZVNHcmx4b3BqeDdsZzVHa09yeGFxMm5DOWFHQ1lldkRGX2RSUWp6VkdxMWdPLTRaVFVIOEVkSWtKcE5wUGhBOHpvcGtaVlJldWFhUHp2UlowWHowWFNjY0Y1WW9sTThhNm5oNGZTbjVpM3RvRXkwbkFHQndPVVFsVHFCMUsxTTE2bnRMWm5Hd0QyWHJTYlk0d2Vpajl4bXdZMWJSbENfTnhJQlNuTWt5TENQcWRwTkRsSnpf?oc=5,0.5
news_-7101857304094281884,"Housing demand, prices set to rise in 2026: Realtors - The Economic Times","Housing demand, prices set to rise in 2026: Realtors  The Economic Times",India,2025-12-20T08:00:00,Google News,https://news.google.com/rss/articles/CBMi3AFBVV95cUxPVk9OZmhJMEladU1sSnBscXZXWTllcFh5eXBpZ0hrb3FLN1J6cE5SS0JZc2ZVWFVXNzZhdThkanFpdEFBczhZSDJ0YUpLMGxHMEtETG5jcFQxa0NtaGs0MG5Beko1OFBFQ3ZrODdwTEhDckQ5SWlJU3VSMFNsZGhnZGJNaUV3ZHV0RVhFQ2x2czVaaTV6c251YjdqQ0g4T0RQMGdqRnNOOVYxX2NXX3RmaV85Um9lLVctNk9sTkdkTV90R2N5eGVGREhQWXdENlVIZzEzYjM5X1BuMThH0gHiAUFVX3lxTFBIYnV1d3VGV3lKNlBidmZCeHFPeVd4dmFLaHhDbW5KZ2ViMXV6cFFrUXVhWURTWlAyRTloc2tRVUphQUU4NXozUEt1dzlUbDJSam5YUC1qam40S0pNckFfVUVWdlVVUGRTOUFtR3YtX21aMThwbmFhMnNWWE54X3M2OWMwWUxHLVRGZXVHV2t0Ni1jOUhuNDR2UzlSR3NodnloSG9Vd0FBNWxpYzFqVVJ3UGp5V2x2Qy1JZkd0dlRFRW04TmhqYldRVmMzQ2pSdlBQUWdQdFJYWGNQM3hVZV9oRnc?oc=5,0.5
news_3064022717235179718,The Rise and Rise of India’s Property Market - Bloomberg.com,The Rise and Rise of India’s Property Market  Bloomberg.com,India,2025-12-11T08:00:00,Google News,https://news.google.com/rss/articles/CBMizAFBVV95cUxOUXFVd1FwYTNFSFN5cDJDZUZrN3B2aVl3SmJxaXd2d0VxRUhnMjU1dUhfa2w2bHlvTS1HRlM1MVdBZzd2NVBlSk5FVFlnNkZnSXptM25JN2R2bGVzdDJCdkZ4bTJ6VUFNZk9RX3VkU0pvekIyWnh1VnUyNnVKd0QxMVFZbE1uYS1VblpFMGxRbkx6bXlQcmp5QXJqcWprd1JqWTdFakR2VlBVN05pa1AyVEZpMHgzZEZFc0o0LXZXSVlUbjA2R3lFaG1UeGE?oc=5,0.5
news_-6983026322439782026,Top 10 Indian Cities With the Highest Real Estate Activity in 2025 - Trade Brains,Top 10 Indian Cities With the Highest Real Estate Activity in 2025  Trade Brains,India,2025-12-11T08:00:00,Google News,https://news.google.com/rss/articles/CBMinAFBVV95cUxORXZaTzcwRFNoZzlsay1WbTFxVk1URFVDWTB6b09wSGZTeXdLMTFmNFhpR2xtN1ZEUE9xd3BkdU13dWNfd2Y1WXNiRm9CQ0VSM0w0WV9qNGxnR2ZXbFMtQzhlVmxQRWZaLWxBSWpjVDY5S3Q5M25rUDZOTDRVc1BvWTM4aXNPWjJVeV9WcUFuZkpYWWNvejhzZ0xSUVo?oc=5,0.5
news_-5748518460962193141,"State to monetise metro rail depots, starting with Mogharpada | Mumbai news - Hindustan Times","State to monetise metro rail depots, starting with Mogharpada | Mumbai news  Hindustan Times",Mumbai,2025-12-10T08:00:00,Google News,https://news.google.com/rss/articles/CBMiywFBVV95cUxQLU1ZU2RVMU1hOFJTUlJXTUJfcXhTVlZxazlPU1F2UUxiN3poRGFYUXFtX0hkaGRwd1NrWl9pWmRlRlJlMlRvb0tRWm5uckIxbmRrRzNxUXJYYU9IY1ViWXIxaWRpUUNwdHhPeDdmOG1qVnNCUEFUYzJJS2N6TmRXRVRES3puSXh1QzZhcF9GMU9nb1R1QmxhMmk1MFhkMWJySzJab21wZDNzZnIzd09tRTVwaWZqaHVHVUhjRjZBTE4wNjN6SFFiVzJlONIB0AFBVV95cUxOTE5TNzdFT0FwZG1VVWU2SEJQNjB3TE1odERPVlJXeW9RN0NWYlpONE01RV9xV3gwVk5MRjdxamhEbUdhSHVOX0JJejFnR3VGd1pEN25INU9KSi1JQ2kxNFNEc0l6ajVaczhTajhXUzZBdDNKcVFmMTFScEV2NHltS2Fic0dJWm5yaTZ1c1Mwc2NXNGtEQ21KVTlXaHR6bGE5WVRXU2dpME9rUDhIRjZ6RXQ0QkU2dHhHQTUxUlVPQVN2aER4d2Q1OFFIeHNibFN0?oc=5,0.6
news_-7883407353487628543,India home prices to rise at steady 6% pace but luxury sector may lose steam - Reuters poll - Reuters,India home prices to rise at steady 6% pace but luxury sector may lose steam - Reuters poll  Reuters,India,2025-12-08T08:00:00,Google News,https://news.google.com/rss/articles/CBMiswFBVV95cUxNT196TVYtQzJ6NTFid2Zlb19LdUFJaDM4SnJHczM5Wmc4WG85bG1VS0lCYV9NRG9tOFZLQ2Vjcy1wbzhRLUY2QWJwR3FGRXRfemh3VlFiSGdWTmNjdXFYUGtpdllyaXR2eXNnZGh6aUxTUjI0cXk0OHktY0ZxbHB6czZCa2FxdlhvMGhRX3NhOTJkZDM3MFNKN2UzMXBEWkRnOHZWNGRmWUtNNkV2WHJIdGJ3bw?oc=5,0.5
news_606472002201797841,India Real Estate and Infrastructure Top 100 – 2025 - Construction Week Online India,India Real Estate and Infrastructure Top 100 – 2025  Construction Week Online India,India,2025-12-05T08:00:00,Google News,https://news.google.com/rss/articles/CBMinAFBVV95cUxQeng1d3Zicy1TeFJlcUhZbG8wc0VvR0duaGFWNTBQNE5OS3JtRGtmUXpscmJ4bWZUVC1uUC1Yd2g4V3R4a2c4MU1yOEZuTWxDa0hoOW1oNG9KdGM2NngyMW9uNHNKNjRLTFZYTks5S2xZcDFHRXlpNW1TVE1reXZGNW1BbXNKRzFOR1pHQ1ozSU9vVW1NRGx6cTNLVzU?oc=5,0.6
news_-6900667350206480689,"Square feet price of residential units in India Q2 2025, by city - Statista","Square feet price of residential units in India Q2 2025, by city  Statista",India,2025-12-03T08:00:00,Google News,https://news.google.com/rss/articles/CBMihAFBVV95cUxOZVdtWXdrUU9YdkttZk9COFJuNVAxSTdfb3I2RXM3VnRmclJVaFZVNkg1MzNmaEV6SHgyaVRwa0FsWXB1aXNSR2h5REdRZURWenN0S09UVmVvclA2SDd5MHNhOU5JaTh6Q2ZQaVBrWXp5TWhVZnJaN0NjQkh6U3Z0WktHdmI?oc=5,0.55
news_-7605101369161790660,Why Coimbatore’s property prices have gone up post Covid - The Times of India,Why Coimbatore’s property prices have gone up post Covid  The Times of India,India,2025-12-02T08:00:00,Google News,https://news.google.com/rss/articles/CBMizgFBVV95cUxOREh0V05XWnNMMU5PQ1o1MkZab3A2Mnd5Zk5CeHJ3dzgwQmZ4ek1EYnhfWHNnZVJkZHp0dDUyQ04zdk5jU0tuRjBMMTZ0czZEckJvZ0lFVzdRMWlrR1lacHlHTzhqTzh3WXBPN1pGR2RmUVk2aTZwSmJoMVpiNWZrYlJHMDB4UEZtVlZNbWJ6LVhHMU55bTZtWFVyeDZoM19NR3ZHTmxrWHlULXQ4bVJfM0RjV2ZFcWdBT21ieDZhTGFJWlhjT3lqUm56dkpUd9IB0wFBVV95cUxNX25XQ2lQWTNVdFdmckJPcjI0REdDdlg2M1dlNGkzZGZlNllzcnd2cjY0REd1RXB6c21CVHotVGdBTm9BUWF2b0w2T2NkVVVVQ3pmY09UWGs4WFFHY2t1UHlHRkJZdnQxNTVDWWRSM2EtUXFEeDQ2NUlBZGhUQjJVNnRyNmVncTR4X3N0UXQxaDU5M0VWeHdQQWxFNF82V1JUb254TUV1YkJkek15c2lrWGdGck1VV0U2dV9YTjBtbEUxMGJ0UWhQQ0s0cHdaaVBKdUVF?oc=5,0.5
news_-1960615449544546943,"Pune Metro time table, route map, new operations - housing.com","Pune Metro time table, route map, new operations  housing.com",Pune,2025-11-27T08:00:00,Google News,https://news.google.com/rss/articles/CBMigwFBVV95cUxOSEY5eDBGaURwQ3g4dGZvZy00LUU2RGloZGw0NkVOb0hQTnBoWmFSdDJTV2ExdmJ6dlF3UmI5aDN6TnpsNl9MSG5iNG13Yl83RWY5RExOdGhSRzJEcnh4VHZHdXYwOV9KQnktMzB0U0FNRnhfUnFkaVlCUXpvM1ZCUXlkb9IBiAFBVV95cUxPOVZ6a0ZWa3AxYjBkZjRPQ01YVkRpNzVCX1dxaUNrR3pJejd2dng5WDlXTk1STnhKcGtzNEZoODJWeDd6QjhKUWdQSFVBMzdiUm1DU3dXVXFPaUxvaHBKejlTTktFcTdPLTJjNy1uZXhJNThZUGtwOXQtREhsVTg1ZW1Eb0VJOEFi?oc=5,0.6
news_-3662924194557783629,"Kolkata Metro route, map and latest updates - housing.com","Kolkata Metro route, map and latest updates  housing.com",Kolkata,2025-11-27T08:00:00,Google News,https://news.google.com/rss/articles/CBMiUEFVX3lxTE5OTk1VQm1JUmhadjdpTzVfM05McVM2ZTFPWTdiSjZhUXRPdzAxeUI4dWcwd0hqYlJCLTZuaXBRcTloSEthVFgtM28yd1JNZEE40gFWQVVfeXFMTW44dzJSbW9oakVvbzhUNjg3V3ZQekJCclFmd0VqOWVKZEk4cjI5WUMwMVc1UmNWa29kdmR3V2VFdW9ZVEQtOG10N19Cc2dfRm5ER1NzdGc?oc=5,0.6
news_644168370175715752,"Delhi metro magenta line route, map, stations and real estate impact - housing.com","Delhi metro magenta line route, map, stations and real estate impact  housing.com",Delhi,2025-11-26T08:00:00,Google News,https://news.google.com/rss/articles/CBMiX0FVX3lxTE5XeEc4bzVSQ3lrRUxVR05qcTV5VzI0NFlMSkFFcUx6Q0Q5a0JFcmlVZWwwT1BIWVNQV0txQ3o0MVVJNkt2QzJlbDdxM3NYQWQ2elFxM2ttaGZwbHBqT0800gFkQVVfeXFMUDB4WndRRllJME16OUY5dzYwYTFHQUQtczlpLWo2RWUtUE9POS1kWTRXMnJJbzJNRExZNV9fYXYtN1l5RElic0N0alhXUDQ3NTM1Z0ZsakwtVFhOUmdncDdybEhVWA?oc=5,0.6
news_1444872543977853982,Top 7 Well-Planned Indian Cities Set to Generate Massive ROI by 2030 - Trade Brains,Top 7 Well-Planned Indian Cities Set to Generate Massive ROI by 2030  Trade Brains,India,2025-11-21T08:00:00,Google News,https://news.google.com/rss/articles/CBMinwFBVV95cUxPa3FCOHVkN0R3eWFBbW9yckhvcXBrSFg5OTBDcU1lR1FVSTc1dmVrNkVCRVlkLTRaU3pHWlJuU295Z01jRjNkZXRIcEFFbVFkcGdrazBuRkJ2eVpTVFU2ZTM2TzhzX3REOFp0cERtdnExYXlNMC1rdnh3ZEdMMHhyd0dCSnR5bDY3WXZnUTJDSUpDT21OMEloUjVvVUZEcTQ?oc=5,0.5
news_2430602835133295052,"Extending Bengaluru Metro to Tumakuru is costly, slow and pointless, say experts - The Times of India","Extending Bengaluru Metro to Tumakuru is costly, slow and pointless, say experts  The Times of India",India,2025-11-18T08:00:00,Google News,https://news.google.com/rss/articles/CBMi6wFBVV95cUxQaGszZEVJZ1otNkY3UktJSEx1bFB1SXJFV21qSUdFQnpQUW1uM3N2ZG5Xbk5sVXVnZEthOXg0WUl4YWJzcjZsU25ZVVRwaWNveFhhZERscG11ZWk0QVBibzBoSUhrYUQ2eWVfSEZTV0o2ZVQ2ZzRiOXBkRVM4RjJOcEJwX3lZaXlvSURYWnpsR1Rnci0tZ0pXUGhwSm5jMXdZTkctSWNfWE9MNGlud0RRSGtYTDNHcnYtYlg5Q2tXNFRPT1liSFdWWVIzRkkxTmNrWTZQdjVMZEJfZWl0VklER2I4VnFFOFA1SVFB0gHwAUFVX3lxTE1iVDIwRTRjN00zMkQxaG1YZG4xU2x2TWYzLWxOUzdmY0lxcW1YVUJfbmJJTmt1X0N6OE9FWWQ0bXRTbnZRVzNVSWs4NmtING0wNlB1T1VtRzBJUWJUVWZ1dmg0MXd3ZzB3UXhxaHJJTGVEZ0RtSi1DZGF6U1RWUzJRWHJKdTVfZElqOGR0QXQzcmo4QmUxRUZieUtGNEdQeVl0d09RNXlLTUlYTWwyQnBGV0ZYMVkyMV9oM0F3MXRMbzA4eVlRaU8xdklMRTNDdjZBQmt4amRWOG9CcV8wLXpaMjBRN2tPYjI1eFlBcjN4MA?oc=5,0.6
news_-6684171344518841897,Are rising Indian property prices and global parity prompting NRIs to buy homes abroad instead? | Real Estate News - Hindustan Times,Are rising Indian property prices and global parity prompting NRIs to buy homes abroad instead? | Real Estate News  Hindustan Times,India,2025-11-11T08:00:00,Google News,https://news.google.com/rss/articles/CBMi7wFBVV95cUxOLUYtbk9LVDdSQXJxbEx4SjNoZVR6bktGQ0wweERNbDZCVXNCRUFiWjBiaDM2MnhpalpFVFh5Um1hbi1sd2NrdUctYWVleUo3dWt5eHg0YV91Snd3NkpQVkM3Z2s1VWNQT041aGFuV1NPQmI4TGRaSWxNRkVaV2tBSjNkam13MnNpaHFoWHgteVlIclFNVjR3d3pCZ2Jud0pDWjFHZGxqNUk5V1pzd0N3OWJDMVhJLVY1SmFQSUs1bjBnV0pYNHg4X1g3T283ZGo1ZDlDc29hV0ZkLTJvSjZCRjNULU1fTlF1aE16SHhsd9IB9AFBVV95cUxON25FbU1PUWE1Y0pqVFZBNDJNalgzY05YX1paSm93V1Y4UXVWTWpLc0ZvNGNKeXh0bGUyTGdVMDFGRl85TlZRcHVsbDZpbDJZcUFTRmkxYlNkdWdjYTNnWmpZekduaDZFVUIzYmdJUUstLVpQVUtZOUo1UGwySnVyTW5iNzk3VmRtMjluYzRrTWRqaXZHWW1LNGpQQms2YXJ1VUt3UGh3NWZNNXptaGFUejc2T3hjdDB3OE5vYXBpMm9NeC1yM0xqb1VSNDJhS21zdFVhX2dsMmpxZTZnYVp5QktJdG5BRWVtajN6cl9uQUVpWlgz?oc=5,0.5
news_7973811964756533862,Housing prices rise 7-19% across Indian metros in July-September 2025: Report - The Economic Times,Housing prices rise 7-19% across Indian metros in July-September 2025: Report  The Economic Times,India,2025-11-09T08:00:00,Google News,https://news.google.com/rss/articles/CBMi_gFBVV95cUxPQkJkQTVtcG93WEdQcHE5RUdBNlNEVEp0dHNfbFVFYVZQUTJoaTNGY1M1OGZGSUs0R2hGdm12SHFXNWhhb0hjZ1VyemY2YlFZWnh1OUNYWGdGQXgxeFRkQ2lqRnpqY0w4dHo5MzRaQnF2c2FGSEIxZnpKZnNfcVB1NUF0R2Y2anVwcEFLN0RhOGVtTzdWZGFFeTU5MWNaaUR6TnBjS003Y2h1SXlVbXFvdUVWQWR3QU5QUDJqYWdaNGcwcy0xOERaYVZOU1VDdmR1dENhWGpaVGlZOHRmSkQ2Y2Y3ZkREXzhTdlZoaUFQd3VDdm83b0N6LVJpR2xlQdIBgwJBVV95cUxQRHlIUkdXVkhMTUZkZGFhNTh0X25iempIU0lTalcteGlFekJ0NEtnWnRvekplMENsN1poN2hOajJoeG5aNEZxbUFjbDZqZl9XcXY1aVgzbDl6dVI1V2J0UUl6T1Jma2NUdmZ1NEVFc3J4NTZ1SHVxdUI0Z2VUei1MU3RKc25TM3JQQmpJa2dIcThza2NjRmxHNEtvWTNqYVJJQWZGeHBKclJTSHE1Q3pqMHBaQjIzUlVEWEFpZnJXRUMySERpNG5tSUVnc1pHR1hkbHQtenJGXzZwdjhneWRiOFk0RkNTSVFSdWtlOW5sVmgtMEQyZVEzejZ4MHBmQmp2alpB?oc=5,0.6
news_1066473426474581371,Buying a second home in tier 1 vs tier 2 vs tier 3 cities - housing.com,Buying a second home in tier 1 vs tier 2 vs tier 3 cities  housing.com,India,2025-10-30T07:00:00,Google News,https://news.google.com/rss/articles/CBMiiwFBVV95cUxOY2lxaFFZRUF0elYzNGllOVJoRWFraHRiaDh3R1pxZnozcjRpWl90ajVaRGdrUXlfZ1U4NURuazNxQWtwQWJrdURFbDhEV3A1SFJHNkU0MVdsb3NBb2Z3bFV0STczSkVEcGxhTHRJaS1UNzNqQnJqbWx2NVJpbjlqMzlKMjdGYWJZempz0gGQAUFVX3lxTE0xY2dvZEJGcTFDbjUyckdzeFdIVF9qc2VpMVBIT01IaXpqSEFKR3FlUTQySXY0eUlwbWpmZkc1OUJhWUVtOTVTUkJqUXpUYldaWjN5eUQ0QU93QVpPM3pkWEZ1Q0VXd3c3SVNFU2F4VWg3UHBpTXRXQnVwVEdTQlRxbEdsT2Mtd29laHRsblhFZA?oc=5,0.5
news_2810583183630250826,Coimbatore Emerging as South India’s New Real Estate Hotspot – Here’s Why - Trade Brains,Coimbatore Emerging as South India’s New Real Estate Hotspot – Here’s Why  Trade Brains,India,2025-10-30T07:00:00,Google News,https://news.google.com/rss/articles/CBMiowFBVV95cUxPXzJiV25YOHhNWmdYMFNtR1pQOGZiYkNGWEpHdkJlcmRPelF5WnpPVURPUVFyVDN0anZ6THo3TThPdEZmdFhxZ0dpSFZjSUJSc0NXQVpaNlJmajlRbDdrbGRja2Jib0U4OHZMZ1pleGxkcnZXY01XczlJRk9Kd1ZhMWJFNUNpZlBRRmlpWDZNT3pfMzlRN3ozcV9PTUVVdEdKdDAw?oc=5,0.5
news_4691752538434726119,Tier 2 cities in India: Real estate growth in these cities - housing.com,Tier 2 cities in India: Real estate growth in these cities  housing.com,India,2025-10-29T07:00:00,Google News,https://news.google.com/rss/articles/CBMiZEFVX3lxTE1fangyc1owREdyZW43cE9YU3Q4b3VlRHczbXhFNVRlUDlpNlpzbWR3ZzNNVzFrLWRRcGlBcTF4OWdGMzd1eGxtXzZPYXdwTDJ6aEFnV0NXNnlCWllQamVmb1ZPOWzSAWpBVV95cUxPSVRlQnBGZWw1WTFNdEdsWTBHcU44X0NpVm00RkxtWVRyQUpNNUgyWE5CNjJZSDJhaEFiTWlqZHZlLWRzN3IxQjFiUVNPODUtVldzZDZJZWFvMDVvTGRoWHYxVm1qc2ViaElR?oc=5,0.55
news_-2580777746686086022,"Kanpur Metro: Route, map, stations, news, project status and tenders - housing.com","Kanpur Metro: Route, map, stations, news, project status and tenders  housing.com",India,2025-10-29T07:00:00,Google News,https://news.google.com/rss/articles/CBMiT0FVX3lxTE5WaEdpNmRmaTRkSEw2SWRLUDRORDdabUxGV1JsTXhoRllBMHhxQ0tlRmdua21wakpQMGRTaDl3Q3pYNGFrbWRZLVZBWHRiQTTSAVRBVV95cUxQVmlCaWl1S2VGTGRsVm90aXJZdkZvTGhKQWhQdENseUVDUEpVeV8wWU5wUnZvYU1kXy1RS2kycEhsYno2Y3hDLTJuYjNfS2VkV2d5R1E?oc=5,0.6
news_2677343614541130032,"Wimco Nagar Metro Station, Chennai: Timings, fares, route and map - housing.com","Wimco Nagar Metro Station, Chennai: Timings, fares, route and map  housing.com",Chennai,2025-10-28T07:00:00,Google News,https://news.google.com/rss/articles/CBMikwFBVV95cUxOMV9FVHRDMnNZSHd2WHlkd204bDQ3enpPa2VnWFI5VHlMTW1PbThZRnZXVWE2MmFqNGRSVExNLVIxdkZuUDVuZ1dOV1ZLU0xfcUF5bGZCTkUzd3MxbGg1V0RzbFgyLUREOXlyaDZUNlA1eC1VZ3kzRGdlb3pyMzBxaFhJbDBGYl9NR0k4d2Q1OC1DYmvSAZgBQVVfeXFMTzN5Y2dIZ3JYV1phMWVSaUNEQkxNcXlEUzk5QU1oal9EYThVU2xXODBfQ3AzZHBWV3ZXb2psdVVnQ1R1V2JiU0ZZRjNfbGpTMnNvUjYxbHp1RUthZzZGaVRfd0o2bXEwRnM4VllrblVENE9BbkVyUVVkT2dFMDN3WkdSMDF2X1dXX3pYTjVreEdqOGRjRDhVWTE?oc=5,0.6
news_5623858772094654252,"Buy if you need a home, stop waiting for a crash: Redditors debate India’s soaring property prices | Real Estate News - Hindustan Times","Buy if you need a home, stop waiting for a crash: Redditors debate India’s soaring property prices | Real Estate News  Hindustan Times",India,2025-10-17T07:00:00,Google News,https://news.google.com/rss/articles/CBMi8gFBVV95cUxONGF6UkVLeFkzUHpMSVk1WkV6UzdMYjBQaEZhWUV5TmtwZWVHamZ2amF6eGdwdWJzUnZPekZZel83Z1pMTURjOGdscF9kLTRVWFNfZXVVRXAyRFd5emM1RktsWDV2TmFzVUU1eWhvQWpLODJ5SGpzV1BJemxBUXlaTlVHblRrc2VFWFFPazM2Zl9FdFp6VnplUmI1TlJHVmJXSjRZVk0wdEVQTFd4LTF2MG12VzJkRVBjNEpUUGlmVVluQnpQc3lHVEZuRjZGV3Z6SGFuend3SVV4eVR3REJNeE82aFZmdFdFT1AzaWJUUVRhd9IB9wFBVV95cUxOZGUwa19iOEp3ampqNzlEam5VM2I4RDZmbHVwQmJpS2FKWHlFbTNWclhqSzRqM0FlNmVfajV2a2hydkp3T21YaEJFLTVINC1Ga2ZoZk5EaFpnc1h6VjJpbkRwSEQzbXdlakhFNk5lZWkzd0FlSGo1VE1mWUlyQ3VZcTRDMWhxTzRGeHc3bWpnSUFPaWF0dG9RSk5YcGhQTXRDTFdSZUp5SzNIMGprbzNYUVdOLXZDWm5xZGhJLVR0cm5rOVlBM29zd1gxUVBqNHdDeTVKUGdQVXNlcmdwUEtRVWJPd3I2VXVWdnJTbnNlZUNVZUUzRDI4?oc=5,0.5
news_2510241624372723037,"Lessons from L & T Metro Rail, Hyderabad, A Case Study - HinduPost","Lessons from L & T Metro Rail, Hyderabad, A Case Study  HinduPost",Hyderabad,2025-10-06T07:00:00,Google News,https://news.google.com/rss/articles/CBMikwFBVV95cUxNbFZhYjVtZGlEVm9PNkVXeHZ3OTVsaGNzZkdhTUZkcjVjaERVRTFJYkE0eU1icThNWWVqUlhYSl9tbEhZMFZMV01nSWNwM1pLN0lmak85Y2ZYV1J4R3dzVHFFMGtuUVZRQjdMcFRzd194SnIwUWpZZ3FtZm91cFRIZ2R2YUhsTjdfSWJ4MXUxUHNvSEU?oc=5,0.6
news_-7930068968368318522,"RBI Acquires Metro Rail’s Nariman Point Land for Rs 3,472 Crore - Realty Plus Magazine","RBI Acquires Metro Rail’s Nariman Point Land for Rs 3,472 Crore  Realty Plus Magazine",India,2025-09-12T07:00:00,Google News,https://news.google.com/rss/articles/CBMiswFBVV95cUxNNkl3ZzBHb2pGSW5Ea3YyUE1XTGNTX000OXNyV000by03OHF0U2NlZlFCZGUybmpWVXRzZFJoZmtRTXQ1cFRzRmN1SXFQUGI3WVZ1eDlhZkQ0aU84Q21Pc1BiR0RIZEZBTTlVX1h5VGRpdjJBdnRmQkNla2NfQ3RFMWxtWS1oVUR3dFJabF95M2ZtRTI3WkVERi1QWm9MOU54RDhvQW0zZHhfNHFPNkFIMmttQQ?oc=5,0.6
news_1693309854839874645,"Mumbai top real estate deal: RBI picks up Nariman Point land parcel for ₹3,472 crore from MMRCL | Real Estate News - Hindustan Times","Mumbai top real estate deal: RBI picks up Nariman Point land parcel for ₹3,472 crore from MMRCL | Real Estate News  Hindustan Times",Mumbai,2025-09-11T07:00:00,Google News,https://news.google.com/rss/articles/CBMi7gFBVV95cUxQYmNKWlVXT1JOS0VkRGNUMXFQamVkM1J4ei1icGk3YjlYMXc1RVNGY09yQ0lwcWlYUEhCdUp0UUVNVG56S2xjRl8wSDNZMTI1MGRad0t3eUp4cEg4VThZWkZfVk5mSWh3ZTFscW1BNDE3V1kzN05seF85NTRzdm9GdXRoNElpOXBCNjJyVzdxRVh1LUFVTUJiZUFCcW02TUpMU09DMWwyd01oNm9rOVhCdXhhT2loTGE3TUJXQ3BOTG9HaktXQ1ZRYkhlVk91djlLX1FKeW9CWUlaN01TMUdmS3ltVnVjZE5vSnNKS0ZB0gHzAUFVX3lxTE1tc0lvdFk2ZENtM3ZhMC1GLXJmemJiMXlMMnNoQWhfa1FJOWd3dWVsWXFxUThYZUF0ZTZpMGc2N0h3QlU1c1pBN25qTFdIWlZUV29RcHFWQmVGX0tiSmlBVkdMSFpmclphWExKa2tObVRKSFR1bnJlMFdHN1BLZm1XTTdTWmloRThjZDhvYzhSNnNSNVFGXzlIYlRTd29UN0FINjRyd3RnVkxxRUNWczJvaTB1bmE1R3BSd1BYSERjRXdjd2xuWlk2ME9ib2x2blNOM2thN0hfaWVKc05VUGtfZGNtSzBDai1RbmxMdnRCTkZPWQ?oc=5,0.5
news_-5862334228649664200,India’s top cities poised for 106 million sq. ft. of transit-oriented real estate: Report - ET Infra,India’s top cities poised for 106 million sq. ft. of transit-oriented real estate: Report  ET Infra,India,2025-09-03T07:00:00,Google News,https://news.google.com/rss/articles/CBMi-AFBVV95cUxPZUNCSXp2UWFkMHB4Y2I4MEN5NkxKSWlNQlNiNmN0el9CcGdGeE81TzVQTHpzck0yS002S2NoSkVRWEtDZW1OdVdBR2VFVjB2VlhjYTRfMTdlZWQ4V1R5MllhR3JVYXR4dkx6TFZfQjN1MWZLYXh3aFlhVjZubUtpLWxtSWZPa3pqV0xmd0VSNUdwN1lGMDZMRTkxZWlfbjZ4Q2VmQy1rUy1RbjlVU3JOb19jUGdORUJMNWdrUmFLU2QzNnRKZ0dxRjlPZUN2SDFUd045YVlSYlZhczdGeDFlREljaGFTaXpVaW85RFVwR09yWUk2TEZNONIB_gFBVV95cUxPNGdaZWR4RHZSMTlMN2ZOektFdTFIT0dVMTNEazNqeUZhZ0NPVUFfNE9pelBrWDR2MHAtUExoY1JCbWlsUUgycy0xV2s0WEQyNERKUzZocWhwdnBmVnNNY1c2LVByN1dkNnM4U1YycmNVR0RRSnFxUmZ2cnpMX2VyUDFPejhzZmw4Qk0yMHlqbmYzejdEQlhKd1dUWnlPc3U3a1JvRzNRenB6aWtNTnFNVmdTblo3TTZocTlicFNjRVRkenl2aUVLVk1LanFicGxKb1d2LUliNTRGZXU3QzV2RWpYOERhSW55OUM5VjNJTG9YUXlzaGJqM0dhZjhSQQ?oc=5,0.5
news_9155262558047380210,NCLT not able to deliver as per expectation in reviving realty projects: Manohar Lal - The Economic Times,NCLT not able to deliver as per expectation in reviving realty projects: Manohar Lal  The Economic Times,India,2025-08-30T07:00:00,Google News,https://news.google.com/rss/articles/CBMiiAJBVV95cUxNaW5DQTJSb0xBZHktcXNIZlJkRERwQkk3eWN4T1o4LVpvcURKQ2FxakVLX0duMjlaZkEwelJnVG4wakw3czNKSW5iRFZHQWRIbEtDWkRuV1Jlb0pRSno3ZF9Oeko4Y3NEVFNJRjNqX2ZDRGRib2xCYVpJRUcyaUJVdXNZQm9QdDlobWNGbVMtREZvMjMtMHE2TVRyVTZsQzVfNHo5ZDFBb1RpUmc4b1U0MnV2Q1NCekd0SGlQNHBkT2NhR3U1UFFWdEFvUVA4RzdmUjlqNWU4eGx4NHgzQmFPVUkyTHFQcTUxeU9WcVVYS2Z3dlE4U1B0bzFEdXdXOVdlemhFUllsZGTSAY4CQVVfeXFMUFNmWndnSDJ1SHlEZE9zTXhJeWVJbk5lNm1vdEtRUmswQnpnYTZiZVJodGJIVXlsbDV3cDloVVhEem1POURYdHV4Z0lyMTMxN05QNGQyWTJWV0c0MXFSdTdlQ2Z1YWNlREM1ZUVqZlVLdFRCN3hmd3NYMkFqQkpTcXFUWjhCcjNHengxSUNMcUI5ZEl0RkR5dEFPNDE1OXlBaHZUb0pUM1R0NlYzdzl1LXNxWms3bHhyNnd4ekJaWkFVcFZIOW8xYUJZOW5IdWdkNkdKdHFreWJpWkxZc3BDVEh2WGRYY25ybEpHS2hJdmR4MEVxdVpzcU11TlFFV2d0bWhwczA4ZFdiMVpEanp3?oc=5,0.5
news_7266968843263216291,Kolkata Metro expansion to drive real estate growth with better airport and suburban connectivity | Real Estate News - Hindustan Times,Kolkata Metro expansion to drive real estate growth with better airport and suburban connectivity | Real Estate News  Hindustan Times,Kolkata,2025-08-23T07:00:00,Google News,https://news.google.com/rss/articles/CBMijwJBVV95cUxQZEsxU2VkX0tCYkUzUjJ4MDBVSzZKWWVoTmZtR2lKSGxaT3dpcWViS1RRQTl1NGV3WjBJQ2VoV3c3LWVsZlJSNm1jQ011ZkVwODhMQTRCNGRuU0RUQ0ZyZFJJMHNlc2RrYWttNWp3VDA2ejhLclBfc0dqS2YyMnQzXzJKcm5DTUdLQURqT1NYOGMzQm5ORXMtR3VQU0w3aEY0N0FPVGdJR2I4d1VSRTBoeFpXZ0Jia2JmUGlpWDlJc2VPUnBnOFFYa1ZZTGJSVFI3dFJsM2g4VzZ3QWc2cWpXT2NuNzh4TzFlMk9Ld0ctU1JfZzV6aVlUMmlXYVlJSFdTTUFmelVFVC1ONGtubUtF0gGUAkFVX3lxTE8zZW8wRnhfWEVEbEw4d2Vyb2RtRzk5enFZbkc0WTJfanlaNnVoLUx5bXVLSjZjMjQxaEdQU2FDRDQ3RHdJTHBQMEJZTXU1U2pGM3k5RTJBLWgxVUpQYnk2SXVsNkZvbTBfYUhXUGJWZDRqZ04zcFVTZzBtMWprVEs3VVVhNU1kcDdoUGp3LWlJNXBVbFNFWlR1U19ZUTFvRDdOVE5qVW51XzR0dndhdWVJODhkVVd6TDFjUTZxdnVWZkxSQnBBMGI2QlNURDl1b05sMFdjdUYwak5UelI2eHkwQkhWNUQ0bVVjZU9pOUlzZm1FMUhPeU5KRVZEVEFkemJQeXEya0xXM0h0ZmpMZG9WR3hWeQ?oc=5,0.8500000000000001
news_-6159912405127942806,Coimbatore Real Estate: Leading The Upswing - JLL,Coimbatore Real Estate: Leading The Upswing  JLL,India,2025-08-19T07:00:00,Google News,https://news.google.com/rss/articles/CBMiZEFVX3lxTE1pMjZPY2dkMFBKMjk4Tkdoc0dLdjYzZUdTampwaDJmM0J5UW9GNWVtYTN0amdQdlBZaVBQU2VPeGdLWWxienNFdXBUQXJOTkNVR0d5M1VIV1JEY0x0TnZRRHVRdFU?oc=5,0.5
news_-6628196366395344247,"Cabinet clears Lucknow Metro Phase-1B, new link set to boost Old City real estate markets | Real Estate News - Hindustan Times","Cabinet clears Lucknow Metro Phase-1B, new link set to boost Old City real estate markets | Real Estate News  Hindustan Times",Lucknow,2025-08-12T07:00:00,Google News,https://news.google.com/rss/articles/CBMi5wFBVV95cUxOTmU5bmhNeTVhSEhRWkxoa3BKLWxsRVVoYTBURXpZVjVpOG9fT05Zck0xSV91VHpiUWdHTFY3SDFRaXlYVzNCQ1Rnd3VSa29XRGlIOHRUZ2kxb0lnMDFTLTBuVDRSMjJRWFotRWxPVHJ5NVM4Sy1QdnMzY21sSldWanEtTTMzd2hhWV9yamFBTDJCZk1qTUpwRmNjc0pvRHRIUG84RFhPcXpfbktVNG5BTU5xc1k2Z2U3WV9rekw0dklFQ0pGbzNvTjgzR1JQcVJKUzZJWk5nbzVTT1ZYMmNaQlFGRXFKbW_SAewBQVVfeXFMTm5ZZzY1MmVOdFgwUTdnOWx1V1hpU3FXTFdsMVRobktBU3djX1Ezb1YySVR5UEdBYkppWWFOdGtPN1VPTC00SGdKMmpsTTdOWFlYTXRqS3FPSEFTQjVSNV9qWXJlOHlFblpYTkJDQmtVQ01FU2U3LUlseFFCeGFUMFppUWRxODdNTHpEakJzdUZyTTZGQ3JLckp3eFBRU1h3dUNMWVFoVHdIbmhGY1hOSFUtdGtkcHFqaTVoNnlPYS0wTENBNHpUTGFqeDZtWG00cHAtU2xDdTZWcENMLVZKRDluT0x5bU0wNlg4Qks?oc=5,0.6
news_9194046766616074949,Gemalto shares fall on worries over Apple E-Sim card challenge,,India,2015-07-16T14:51:31,Economic Times,https://economictimes.indiatimes.com/gemalto-shares-fall-on-worries-over-apple-e-sim-card-challenge/slideshow/48101912.cms,0.5
